The Hotel Alessandra,832-289-3223
"B-Youtiful Face and Body Med Spa, LLC",832-980-0724
AESTHETICS MANAGEMENT SERVICES LLC,713-522-5711
ZO Skin Centre - Houston,832-831-4933
Q The Salon,713-807-0000
Body Envy Med Spa,713-429-4212
Spa810 - Houston,810-280-0245
Flawless Studio,832-660-4476
Alive Med Spa,713-539-0933
Touch of Beauty Cosmedispa,832-248-8142
Camille Cash MD,713-571-0600
West Ave Plastic Surgery,713-591-9283
Milk + Honey - Houston,512-236-1115
Chrysalis Skin & Body Rejuvenation,713-522-2111
Heights Dermatology & Aesthetic Center,713-864-2659
Perfect Skin Med Spa,713-521-9990
Sousan Med Spa,713-527-9878
Yana Skin Care,281-306-1999
Houston Methodist Physician Organization,832-667-5421
Synergy Day Spa,713-474-7220
Institue of Anti-Aging Medicine,713-807-1000
Beautique Day Spa & Salon,713-526-1126
Michaelyndon Inc.,713 963 9121
Glo Sun Spa ,(713) 545-1913
Clearstone Medical Spa,832-460-4200
Kathy Haney,(281) 850-9894
Share Wellness & Medispa,713-621-8200
MedSkin Youth,281-565-0009
MIA Plastic Surgery,832-804-8992
Bella Rinova,713-572-0022
Glow Medical Aesthetics,713-665-4569
Trellis Spa at the Houstonian ,713-685-6788
Mink Lash Spa,832-368-7219
Sensia Studio & Japanese Day Spa,713.627.0070
Galleria Aesthetics,713-552-1122
Suzanne Bruce & Associates,713-850-0470
Bellaire Dermatology Associates,713-661-4383
Glamour Plastic Surgery and Med Spa,713-766-4643
Hiatus Spa + Retreat Houston,713-470-0990
Ovation Med Spa,713-999-4027
DermSurgery Associates,713-669-9222
Goodskin Laser Source,713-339-2600
Helena's Day Spa,713-954-5400
Massage Heights San Felipe Voss,713-278-7529
Village Dermatology,713-952-8400
The Belage Center PLLC,713-978-7878
Asheni Med Spa,817-262-5650
Houston Concierge Medicine,773-732-7234
Royal Villa,713-884-0011
Advanced OBGYN-MedSpa,713-465-5966
Hiatus Spa + Retreat San Antonio,210-202-3355
Woodhouse Day Spa-Quarry Market,830-331-8515
Nova Aesthetics,210-348-9164
Texas Institute of Dermatology,210-698-6777
Texas Dermatology & Laser Specialists,210-829-5180
Plastic & Cosmetic Center and Spa Black,210-270-8595
Best Kept Secret of Paris,903-495-2984
Stadia Medical Spa ,210-881-6270
Face First of San Antonio,210-348-9030
Zohara Makani,210-724-8786
My Health Solutions,210-563-3982
Juan Carlos Garza,210-371-1778
Slimedica,210-880-0549
Turquoise Springs Medical Spa,(210) 253-3313
WowMoms World San Antonio,210-394-1596
Amanda Torres,210-789-6445
Dermatololgy Associates of San Antonio,210-490-4661
Life Time Fitness,210-745-3424
Vita Sana ,210-488-4154
Dermatology Associates of San Antonio,210-657-9338
Dermatology Associates of San Antonio,210-641-9500
Massage Heights of Stone Oak,210-570-9803
Woodhouse Day Spa-La Cantera,830-331-8515
A Perfect Touch,210-209-8118
Life Time Fitness,210-424-0924
Beverly Hills Rejuvenation Center- San Antonio,210-802-2803
Lantana Spa @ JW Marriott San Antonio Hill Country Resort,210-491-5830
Texas Institute of Dermatology,210-698-6777
Aria Salon & Spa,210-902-9092
Kadl Skin,214-901-6601
spa810 - Uptown (Dallas),469-730-3333
"The Ritz-Carlton, Dallas",214-922-4821
Mara's Med Spa,469-730-3333
Hotel Crescent Court,214-871-3232
It's a Secret Med Spa,469-789-0004
Advanced Skin Fitness,214-521-5277
Melinda's Face and Body,214-704-1675
"iFusion MedSpa, LLC",214-335-1039
V-Spa at Hilton Anatole,214-761-7800
OVME,(617) 699-5150
Bella Med Spa & Aesthetics,214-673-7755
ZO Skin Centre - Dallas,214-253-8694
Anh's Skin Care & Esthetics,214-606-0242
Blush Aesthetics and Skincare,214-739-5603
Evanesque Med Spa,214-575-5252
Life Time Fitness,214-624-5824
Flora Kim Dermatology,214-521-1900
McGuiness Dermatology,972-316-4555
Pure Spa & Salon,214-827-4200
Somatique Medical Spa,214-350-1422
Hiatus Spa + Retreat Dallas,214-352-4111
The Face Place,214-350-8898
Luxury on Lovers,214-352-8800
Prism Dermatology,940-393-9582
Bella MD,214-378-6500
Eleven Wellness,214-619-5425
Dallas Center For Dermatology & Aesthetics,214-631-8546
Mara's Med Spa, (214) 373-9500
Lai Aesthetics,(504) 453-9288
Interventional Pain Management,713-777-4040
RENEW BEAUTY,214-369-1600
Lemmon Avenue Age Management LLC,214-220-2712
Epicentre - Park Lane,214-887-1577
"Glow With Me, LLC",870-530-2774
Austin and Reddick Dermatology,214-226-2285
"Ramsey Choucair, MD",214-390-0011
Vitae Med Spa-Dallas,214-983-2000
Ultimate Image,972-800-2127
North Dallas Dermatololgy Associates,214-420-7070
Anh's Skin Health,214-606-0242
Bella Medspa & Aesthetics,214-605-6958
Elevate Med Spa,214-696-9193
"Preventive Wellness-Beyond Health, PA",214-750-7374
Total Med Solutions Dallas,214-987-9200
Zap-It Med Spa,214-600-0707
Nouveau Med Spa,253-358-3667
Elite Medical DFW,972-442-4500
"PDP of Texas, PLLC - Dallas Associated Dermatologist ",214-751-2381
Shellie Liptak Advanced Skincare and Rejuvenation,214-535-2406
JW Mariott Austin,512-474-4777
Milk + Honey Spa and Salon,512-236-1115
Vietver,512-554-8735
La Vie En Rai Ney,512-538-1818
Viva Day Spa- Lamar,512-300-2256
Alite Laser,512-771-2553
SABIA,512.469.0447
Bella Salon Austin,512-474-5999
Kalologie 360 Spa ,512-233-0252
Beleza Med Spa,512-354-1285
Face to Face Spa at West 6th,512-806-3535
Neu Skin,512-680-5974
NewU Plastic Surgery,512-478-6398
Mint and Thyme,512-436-0817
Aloe Skin & Body ,512-344-9394
Wellspring Plastic Surgery,512-600-2888
Toccare Medical Spa,512-533-7317
Westlake Dermatology - Lamar,512-328-3376
Zimmet Vein & Dermatology,512-485-7700
Snyder Dermatology,512-533-9900
Viva Day Spa-35th ,512-361-1786
"Mueller Surgery Center, LLC",512-478-6398
Austin Plastic Surgery Institute,512-732-3001
Calm Skincare Studio,512-771-4950
Red Stella,512-433-6762
Spa La La,512-273-3700
SkinCare Austin,512-327-2227
Dr. Robert Whitfield,877-785-2832
Halina European Day Spa,512-452-3500
Halina European Skin Care,512-452-3500
Skin Savy,512-840-0607
Texas Laser & Aesthetics ,512-850-8438
Austin Skin and Wellness,512-551-8551
Muse Medical Spa,512-230-3422
"Jennifer L. Walden , MD, PLLC",512-328-4100
Austin Skin Plus,512-850-8835
Austin Plastic Surgery Institute,512-732-3000
7 Medspa,512-954-9651
"Elisabeth Potter, MD",512-893-5849
Aesthetica MedSpa,512-899-2639
Lillian Bradford,956-975-5960
Face to Face Spa,512-215-8535
The Woodhouse Day Spa,512-306-1100
Woodhouse Day Spa- Austin,512-306-1100
Body Tonic Med Spa,512-383-5204
More Beautiful You,512-334-9917
Mokara Spa at Omni Barton Creek Resort ,512-329-7945
Hall Plastic Surgery Center,512-327-5337
Life Time Fitness,512-891-4524
Westlake Dermatology & Cosmetic Surgery,512-328-3376
Hiatus Spa + Retreat Fort Worth,817-982-4200
Robert G Anderson Medical Spa,817-870-4616
West Magnolia Plastic Surgery,817-870-4833
Magnolia Ave Med Spa,817-840-5545
Renew Day Spa,817-228-2425
Ethridge Plastic Surgery,817-921-5566
The Woodhouse Day Spa,817-338-1772
Woodhouse Spa - Fort Worth,206-406-7135
Heather Celeste Aesthetics & Wellness,682-215-2020
Kirby Plastic Surgery,817-292-4200
Milk & Honey- Fort Worth,512-236-1115
European Skin Care & Med Spa,817-731-0707
OrangeTwist- Fort Worth,817-717-6753
The Preserve Med Spa & Wellness,817-862-9900
Jeana Wilkins,682-465-4657
Hide Away Spa and Salon Boat Club Location,(817) 238-0200
Megha Laser & Spa,817-361-1372
Salons on the Hill,817-995-9270
Skin MD,817-595-4500
Betty Rajan MD,817-820-0011
Le Reve Anti-Aging & Weightloss Center,682-703-1400
Mira Vista Derm,817-882-6338
Skinique,817-484-0300
Northeast Tarrant Dermatology,817-281-7546
Melt Spa and Massage,623-414-0447
Daireds Salon & Spa Pangea,(817) 465-9797
Med Spa at Seena One,817-504-0346
Dee Dee Ruelas,817-614-0812
Bex Laser Aesthetix,682-227-6110
Resurgence Wellness,817-402-0013
Anthony Tran MD,862-557-6179
Eye LaLa,817-919-3849
Trinity Aesthetics and Laser,817-310-6624
Hospital Growth LLC DBA Center for Aesthetic Surgery,817-503-2442
Derma Clinic,817-337-5888
Beautopia,817-888-4815
Metroplex Dermatology,817-704-4777
ME-HD,817-741-6111
Hideaway Spa and Salon,817-238-0200
Kleiman Evangelista Eye Center,817-784-0222
Compassion Dermatology PLCC,817-380-5911
Calista Skin and Laser,817-488-3838
Physician's Ageless Solutions,682-208-1955
JEM Aesthetics,682-224-3351
The Paragon Plastic Surgery & Med Spa,817-473-2120
Heritage Family Medicine and Aesthetics,817-354-7999
Expert Aesthetics,817-705-0324
Skin RX by Roxanne,682-738-0466
Carrie Morris MD,972-922-3016
North Texas Plastic Surgery,817-416-8080
Mix Salon & Spa,915-351-0032
Envy Aesthetics Center,915-845-3223
Cosmetic Surgery & Laser Centers of El Paso,915-543-5600
Femme Physique Med Spa,915-838-8080
El Paso Cosmetic Surgery,915-351-1116
Foliage Hair Salon and Day Spa ,915-842-9901
Bring Your Skin To Justice,512-787-2922
Westwind Medical Asscociates,915-845-4600
The Woodhouse Day Spa ,512-970-0591
Her Health,915-629-0442
Southwest Plastic Surgery,915-590-7900
MILAN SALON & DAY SPA,915-629-7707
Her Med Spa,915-504-4451
"Invogue Total Women's Healthcare, PLLC",915-633-0585
Evolve Plastic Surgery,915-504-6910
Skin Solutions with Jenn,202-422-8170
Javan Wellness,(202) 868-5993
Milk + Honey Medical Skincare Studio,435-901-8665
Skin DC,703-214-6496
Graham Webb Academy,703-243-9322
Cosmetic Skin Institute DC,202-965-7546
DermaGlow Laser,703-344-5445
The Ritz Carlton- Georgetown,202-912-4100
Nova Medical Skin Care,703-237-7546
The Spa at the Sports Club LA,202-974-6601
Advanced Dermatology and Cosmetic Surgery-Alexandria,(703) 370-0073
"Yolanda Holmes, MD",(202) 737-6800
Javan Wellness,405-308-2812
Esthetic Skin Care,571-344-1666
Cultura Med Spa,202-237-9292
Tamjidi Skin Institute,301-652-4828
Capital Laser & Skin Care,301-798-9699
Jenny Luu Skin Care,301-533-7546
Center for Plastic Surgery,301-652-7700
Jenny Luu Skin Care,202-344-5144
Jules Feledy,540-891-0040
Sugar House Day Spa & Salon,703-549-9940
Par Laser,202-714-4411
Sarah Akram Skincare,703-531-9350
Sechoir Beauty Bar,703-698-8162
Ann's Spa,571-230-2430
"Christopher C. Chang, MD",703-945-1700
Tamjidi Skin Institute,703-345-6677
Johara Aljoharah,202-868-1871
Ninotch: an urban retreat,301-913-0345
Courted at The St. James,703-239-6910
Bitar Cosmetic Surgery Institute Fairfax,703-206-0056
Miracle Hands,703-256-2228
The Ritz Carlton -Tyson's Corner,703-744-3951
Elite Medical Spa,571-620-9845
Gynecology & Wellness Center,703-448-6070
Chevy Chase Facial Plastic Surgery,301-652-8191
Nova Surgicare,703-288-4495
Bethseda Salt Cave - By Cynthia Williams,707-486-2224
Cynthia Wilkins,301-312-6377
1 Parker Medical Group,301-686-8500
Modern Body Contouring & Laser Center,703-740-8333
MGM National Harbor,844-346-4664
Metropolitan ENT & Facial Plastic Surgery,703-313-7700
Skincare Associates,703-255-7237
New Wave at the Promenade,202-262-8421
Life Time Fitness,703-323-8700
Life Time Fitness,703-323-8700
Anne Arundel Dermatology- JOL,301-530-4800
The Dermatology Center,301-968-1200
Physicians Medi Spa,361-857-2010
June's Day Spa,361-826-0618
South Texas Dermatology,(361) 882-5560
Rose Cosmetic Surgery Center,361-651-1200
Coastal Spa MD,361-336-6464
TVV MediSpa,361-994-7500
Renew Medical Spa,361-654-2300
Corpus Christi Plastics,626-975-4372
Padre Dermatology,361-993-0234
Halycon Med Spa,361-452-2637
Premier Med Spa,214-730-6300
McGuiness Dermatology - Richardson,972-316-4555
Bader Facial Plastic Surgery,214-501-2021
Gorgeous Glow Skin Center,469-816-2399
Surface Skin Spa,972-599-2900
McGuiness Dermatology,972-316-4555
Revive Med Spa,972-422-4040
My Spa & Laser Center,972-971-5273
Top Spa,972-365-3931
Tru Derm Allen,(972) 635-3400
North Texas Dermatology ,972-769-8180
Facelogic Spa,972-424-3323
Medical Aesthetics of North Texas,214-577-1777
Vital Wellness & Weight Loss,972-985-5511
Rejuve Med-Spa,972-265-1590
The Skin Studio,713-303-6558
Image Laser Medical Spa,972-746-0036
Christa Eckman LLC,(512) 925-9141
Rejive Med Spa - Plano,844-735-4831
Botanical Oasis Spa,469-573-0132
Luxe Image Medical Spa,469-543-9335
Lily Med Spa,972-503-5459
Med Spa Studios,817-296-4546
Brilliant Skin By Reese ,214-458-6883
Center for Derm & Cosmetic Laser,972-985-9003
PDP of Texas PLLC - Dallas Associated Dermatologist,214-751-2381
Total Med Solutions,(214) 987-9200
Erase Anti Aging Spa,469-772-0000
My Med Spa LLC,972-378-0993
"Naira Babian, MD",972-403-0800
Love Glow Sudio LLC,469-223-1349
Laser Beauty Medical Spa,972-930-0333
Vitalize Medical Spa,972-473-4999
"Bradford A Bader, MD - Facial Plastic and Reconstructive Surgery",214-501-2021
Oasis Med Spa & Laser Center,972-250-9999
Hiatus Spa + Retreat Plano,972-836-0500
It's A Secret MedSpa LLC,469-786-5874
Skintastic,817-368-9838
Beyond Beautiful Cosmetic Surgery and Med Spa,972-608-0990
Ultimate Image,972-800-2127
Avanti Skin Center of Willow Bend,469-229-0921
The Woodhouse Day Spa,214-473-9955
Face Haus Skin Spa,214-729-3053
U Med Spa - Plano,972-943-8633
Skin By Lucy Med,972-854-2267
Vibrant Skinecare and Laser Center,469-396-7748
Renaissance Plastic Surgery,972-378-3870
The Bloom Medical Spa,972-331-7727
Life Time Fitness,214-383-2224
Tru Derm Plano,972-635-3400
Skintology,956-727-0950
Edith Garcia,858-361-3097
PARADISE MED SPA,806-785-7727
Lubbock Plastic Surgery Institute,806-797-6398
Woodhouse Day Spa- Lubbock,806-407-6047
Laser Dynamics,806-794-9705
Smooth Skin Lounge,818-308-7703
Elizabeth Skincare,818-985-0457
Aesthetic Skin Care,818-308-6021
Ask Cares,818-308-6021
The Body Sculpting Studio,818-336-4377
Burbank Plastic Surgery,818-840-0590
Skin Matrix-burbank Plastic Surgery Center,818-848-0590
Treats For The Face,818-762-3132
Luxe Life Mobile Spa,310-916-9810
Advanced Dermatology Center,818-284-4003
Marc Edward Skincare,213-705-8899
Pure Touch Skin Center,818-986-1077
Equinox Fitness Club & Spa,310-289-1900
Equinox Fitness-W Hollywood,310-289-1900
Ole Henriksen Face & Body,310-854-7700
Cosmetic Rejuvenation Medical Center,323-650-9949
Lyfe Health & Aesthetic Clinic,310-967-9693
Skinlab,310-340-0307
Rowena Lim,310-435-4170
Clinica Nueva Vida,818-847-1007
Facial For Life,323-356-8822
MOTYKIE MED SPA,310-276-6772
Laque Nail Bar and Beauty Lounge,818-985-1877
Solyn Studio,818-430-8397
Kinara Spa,310-657-9188
Skin by Carla,310-717-7821
SKIN by Carla,310-717-7821
Celeste Rodriguez Skin Care,310-499-6400
Cienega Med Spa,310-776-6882
Cienega Medspa- Beverly Hills,323-992-0090
Blue Medi Spa,818-783-3600
SoSPA,917-423-2503
Glam and Glow LA,818-384-6155
Leaux Lash Studio,310-986-4349
7 Q Spa & Medical Center,818-553-3777
7Q Spa Medical Center,(818) 553-3777
Fame's Beauty,818-590-3253
Jasmen Avadisian,818-590-3253
Jasmen Avadisian,818-590-3253
Four Seasons - LA,310-273-2222
Prolase Laser Clinic- Sherman Oaks,(818) 507-0909
Beyond Skin,818-726-4892
Serenity Stone Face & Body LLC,
Spa 415,310-276-8018
Rebecca Fitzgerald MD,323-464-8046
Beverly Hills Surgery and Aesthetic,310-855-0865
Rodeo Drive Dermatology & Aesthetics,310-299-8494
Obagi Skin Health Institute,310-275-3030
Adairis Skincare,310-469-4123
"Harold Lancer, MD",310-278-8444
Four Season Dallas,
Four Seasons Resort and Club- Dallas,972-717-0700
Prism Dermatology,940-393-9582
Nouveau Med Spa,253-358-3667
Lemmon Avenue Age Management LLC,214-220-2712
V-Spa at Hilton Anatole,214-761-7800
Luxury on Lovers,214-352-8800
Flora Kim Dermatology,214-521-1900
Anh's Skin Care & Esthetics,214-606-0242
The Face Place,214-350-8898
Hiatus Spa + Retreat Dallas,214-352-4111
Somatique Medical Spa,214-350-1422
Advanced Skin Fitness,214-521-5277
"iFusion MedSpa, LLC",214-335-1039
JEM Aesthetics,682-224-3351
Physician's Ageless Solutions,682-208-1955
Melinda's Face and Body,214-704-1675
It's a Secret Med Spa,469-789-0004
Bella Med Spa & Aesthetics,214-673-7755
Hotel Crescent Court,214-871-3232
ZO Skin Centre - Dallas,214-253-8694
"The Ritz-Carlton, Dallas",214-922-4821
OVME,(617) 699-5150
Eleven Wellness,214-619-5425
Mara's Med Spa,469-730-3333
spa810 - Uptown (Dallas),469-730-3333
Interventional Pain Management,713-777-4040
Mara's Med Spa, (214) 373-9500
Bella MD,214-378-6500
Dallas Center For Dermatology & Aesthetics,214-631-8546
Kadl Skin,214-901-6601
Blush Aesthetics and Skincare,214-739-5603
Evanesque Med Spa,214-575-5252
"PDP of Texas, PLLC - Dallas Associated Dermatologist ",214-751-2381
Shellie Liptak Advanced Skincare and Rejuvenation,214-535-2406
Life Time Fitness,214-624-5824
Heritage Family Medicine and Aesthetics,817-354-7999
Lifestream Spa & Boutique,972-304-6400
Pure Spa & Salon,214-827-4200
Bex Laser Aesthetix,682-227-6110
Beaus Clinical Skin Care,214-272-7258
Blue Lotus Skincare LLC,469-338-1417
Fresh Faces,972-816-1857
Dallas Skin Institute,972-503-5274
RENEW BEAUTY,214-369-1600
REFINEU Med Spa,817-202-5626
Salon D,214-499-0474
Epicentre - Park Lane,214-887-1577
Med Spa Studios,214-619-5000
Austin and Reddick Dermatology,214-226-2285
Bella Luna Aesthetic Center,806-463-3200
New Essence Skin Care,806-654-8208
Navii Esthetics LLC,806-680-4986
The Spa at Proffer Surgical,806-472-4844
High Plains RX Skin Care, (806) 433-0046
Awaken Med Spa,806-354-8600
JEM Aesthetics,682-224-3351
Physician's Ageless Solutions,682-208-1955
Bex Laser Aesthetix,682-227-6110
Resurgence Wellness,817-402-0013
Anthony Tran MD,862-557-6179
Metroplex Dermatology,817-704-4777
Kleiman Evangelista Eye Center,817-784-0222
Four Season Dallas,
Four Seasons Resort and Club- Dallas,972-717-0700
Prism Dermatology,940-393-9582
Dee Dee Ruelas,817-614-0812
Bella Med Spa & Aesthetics,214-673-7755
Daireds Salon & Spa Pangea,(817) 465-9797
Nouveau Med Spa,253-358-3667
V-Spa at Hilton Anatole,214-761-7800
Heritage Family Medicine and Aesthetics,817-354-7999
Lemmon Avenue Age Management LLC,214-220-2712
Hotel Crescent Court,214-871-3232
"The Ritz-Carlton, Dallas",214-922-4821
Flora Kim Dermatology,214-521-1900
It's a Secret Med Spa,469-789-0004
Advanced Skin Fitness,214-521-5277
Anh's Skin Care & Esthetics,214-606-0242
"iFusion MedSpa, LLC",214-335-1039
Mara's Med Spa,469-730-3333
spa810 - Uptown (Dallas),469-730-3333
Kadl Skin,214-901-6601
Melinda's Face and Body,214-704-1675
Luxury on Lovers,214-352-8800
OVME,(617) 699-5150
ZO Skin Centre - Dallas,214-253-8694
Hiatus Spa + Retreat Dallas,214-352-4111
The Face Place,214-350-8898
REFINEU Med Spa,817-202-5626
Somatique Medical Spa,214-350-1422
Eye LaLa,817-919-3849
Salons on the Hill,817-995-9270
Northeast Tarrant Dermatology,817-281-7546
Paragon Intuitive Technologies LLC,817-473-2120
Skin MD,817-595-4500
Beautopia,817-888-4815
Trinity Aesthetics and Laser,817-310-6624
Hospital Growth LLC DBA Center for Aesthetic Surgery,817-503-2442
Blush Aesthetics and Skincare,214-739-5603
Evanesque Med Spa,214-575-5252
Eleven Wellness,214-619-5425
Calista Skin and Laser,817-488-3838
Interventional Pain Management,713-777-4040
Bella MD,214-378-6500
Mara's Med Spa, (214) 373-9500
My Fabulash Studio LLC,469-360-1771
Beauty by Showtime ,972-632-7333
Skin Zone Rx,972-377-5500
Warthan Dermatology Center,972-542-4646
Laser Beauty Medical Spa,972-930-0333
Life Time Fitness,214-383-2224
Face Haus Skin Spa,214-729-3053
Craig Ranch Spa,214-383-1010
"CR Fitness, LLP",214-383-000
Total Med Solutions,(214) 987-9200
Renew MedSpa,972-464-1611
Tru Derm Allen,(972) 635-3400
Top Spa,972-365-3931
Renovare Spa LLC,972-523-9977
Texas Facial Aesthetics,469-362-6975
"Wellworx Health, Hormone & Wellness Clinic",972-645-1677
Med Spa Studios,817-296-4546
It's A Secret MedSpa LLC,469-786-5874
Le Beau Visage Medical Spa,214-705-7676
Gorgeous Glow Skin Center,469-816-2399
Vibrant Skinecare and Laser Center,469-396-7748
Rodgers Dermatology,972-704-2400
Belissima,214-856-9960
Starwood Med Spa,972-415-3899
Ultimate Image,972-800-2127
It's A Secret MedSpa LLC,469-786-5874
PDP of Texas PLLC - Dallas Associated Dermatologist,214-751-2381
North Texas Dermatology ,972-769-8180
Facelogic Spa,972-424-3323
Revive Med Spa,972-422-4040
McGuiness Dermatology,972-316-4555
Center for Derm & Cosmetic Laser,972-985-9003
Renaissance Plastic Surgery,972-378-3870
U Med Spa - Plano,972-943-8633
Vita Spa Salon,469-605-5333
Atomic Beauty,469-269-1012
The Woodhouse Day Spa,214-473-9955
Tru Derm Plano,972-635-3400
Image Laser Medical Spa,972-746-0036
Rejive Med Spa - Plano,844-735-4831
Christa Eckman LLC,(512) 925-9141
Premier Med Spa,214-730-6300
Spa Salus,972-688-7258
Bader Facial Plastic Surgery,214-501-2021
Surface Skin Spa,972-599-2900
McGuiness Dermatology and Aesthetics,(972) 316-4555
Face Haus Skin Spa,214-729-3053
Avanti Skin Center of Willow Bend,469-229-0921
The Skin Studio,713-303-6558
"Naira Babian, MD",972-403-0800
It's A Secret MedSpa LLC,469-786-5874
Texas Facial Aesthetics,469-362-6975
Starwood Med Spa,972-415-3899
"Wellworx Health, Hormone & Wellness Clinic",972-645-1677
Rodgers Dermatology,972-704-2400
Le Beau Visage Medical Spa,214-705-7676
Vita Spa Salon,469-605-5333
Belissima,214-856-9960
Atomic Beauty,469-269-1012
Vibrant Skinecare and Laser Center,469-396-7748
Spa Salus,972-688-7258
Ultimate Image,972-800-2127
It's A Secret MedSpa LLC,469-786-5874
Renaissance Plastic Surgery,972-378-3870
Tru Derm Plano,972-635-3400
U Med Spa - Plano,972-943-8633
The Woodhouse Day Spa,214-473-9955
Med Spa Studios,817-296-4546
PDP of Texas PLLC - Dallas Associated Dermatologist,214-751-2381
McGuiness Dermatology and Aesthetics,(972) 316-4555
Face Haus Skin Spa,214-729-3053
Craig Ranch Spa,214-383-1010
"CR Fitness, LLP",214-383-000
Center for Derm & Cosmetic Laser,972-985-9003
Face Haus Skin Spa,214-729-3053
Avanti Skin Center of Willow Bend,469-229-0921
Image Laser Medical Spa,972-746-0036
Rejive Med Spa - Plano,844-735-4831
Christa Eckman LLC,(512) 925-9141
"Bradford A Bader, MD - Facial Plastic and Reconstructive Surgery",214-501-2021
Renovare Spa LLC,972-523-9977
"Naira Babian, MD",972-403-0800
My Med Spa LLC,972-378-0993
North Texas Dermatology ,972-769-8180
Skintastic,817-368-9838
Gorgeous Glow Skin Center,469-816-2399
Vitalize Medical Spa,972-473-4999
Warthan Dermatology Center,972-542-4646
Hiatus Spa + Retreat Plano,972-836-0500
Beyond Beautiful Cosmetic Surgery and Med Spa,972-608-0990
Erase Anti Aging Spa,469-772-0000
Life Time Fitness,214-383-2224
Laser Beauty Medical Spa,972-930-0333
Total Med Solutions,(214) 987-9200
The Skin Studio,713-303-6558
GOH Medical,214-543-5569
Beauty by Showtime ,972-632-7333
My Fabulash Studio LLC,469-360-1771
Tru Derm Allen,(972) 635-3400
Top Spa,972-365-3931
Skin Perfections Medical Spa,956-542-2325
S 3  Laser & Aesthetics,956-893-0786
The Body Face,626-714-7358
Contempo Aesthetics,626-765-6291
Gentle Care Health Spa,626-405-2922
ZO Skin Centre- Pasadena,626-795-0067
Comprehensive Dermatology Center of Pasadena,626-793-7760
The Langham Hotel Pasadena,626-568-3900
Soma Medical Spa,818-662-7157
V Line Clinic,408-833-5593
Spring Aesthetic Center,626-286-8141
Harmony Skin Care,626-836-1061
Ann Karen Spa,626-445-5388
New Me Aesthetics,626-899-5005
Obagi Skin Health Institute,626-288-5115
Skin Specifics,818-952-5414
Farmers Beauty,626-451-0088
HAAS Wellness Center,818-491-9000
Imperial Wellness Center,626-288-1933
Spa Pura,818-249-7872
Sunshine Skin Care,818-747-8739
Healthcare Partners Medical Spa,310-354-4478
La Bella Laser & Slimming,626-445-2706
Spa Xanadu,626-821-0687
Beauty Culture,626-447-7555
Rejuvenation Medical Spa,626-446-0700
Mary Scott Skincare,(818) 800-0637
"Glenn Weissman, MD",626-357-6222
Dtox Day Spa,323-665-3869
Fame's Beauty,818-590-3253
Jasmen Avadisian,818-590-3253
Jasmen Avadisian,818-590-3253
7 Q Spa & Medical Center,818-553-3777
7Q Spa Medical Center,(818) 553-3777
Varicose Vein Laser Center & Spa,323-722-0312
"Zelda Billingy, M.D./California Mesotherapy & Laser Institute",323-726-0608
Beyond Skin,818-726-4892
Maki Salon,323-633-6985
Desuarspa,213-265-7908
DTLA Laser & Welllness,323-704-5048
Los Angeles Center for Cosmetic Surgery,(818) 696-2137
Yolanda Aguilar Beauty Institute and Spa,213-687-6683
The Ritz-Carlton,213-763-4404
The Ritz-Carlton - Los Angeles,(213) 763-4404
Advanced Dermatology Center,818-284-4003
Burbank Plastic Surgery,818-840-0590
Skin Matrix-burbank Plastic Surgery Center,818-848-0590
Advanced Laser & Skin Center,781-935-7333
Rebecca Fitzgerald MD,323-464-8046
DMH Aesthetics,323-703-5078
Rowena Lim,310-435-4170
Solyn Studio,818-430-8397
Shelley's Design Studio,254-628-8856
Enilsa's Skin Essentials,
Skin Deep Clinical Skin Care Center and Day Spa,254-680-7546
Rain Skin and Body,254-690-2639
Relax & Rewind LLC,214-662-6273
Total Body Image,254-258-1250
Refresh,254-577-5265
Bellezza Medical Aesthetics,254-231-9636
Woodhouse Day Spa-Belton,254-933-2275
Woodhouse Spa - Belton,254-933-2275
Silk Skin & Body,254-654-4234
Z Medical Aesthetics,254-541-7837
Cosmetic Laser Center,956-668-7700
Venus Medspa,956-682-0255
West Fern Spa,956-777-8397
Angel Hands Spa,956-225-5689
RGV Rejuvenate Med Spa,956-358-1291
D'Vine Skin Therapy,956-467-7710
Allure Dermatology,956-630-3376
Cosmetic Laser Center,956-668-7700
Venus Medspa,956-682-0255
West Fern Spa,956-777-8397
Angel Hands Spa,956-225-5689
RGV Rejuvenate Med Spa,956-358-1291
D'Vine Skin Therapy,956-467-7710
Allure Dermatology,956-630-3376
Aftan's Aesthetics,(432) 242-7412
Midland Plastic Surgery,452-618-6772
Midland Plastic Surgery Center,432-618-6772
Woodhouse - Midland,432-268-0210
West Texas Dermatology,432-563-3113
Laser & Aesthetic Center of Permian Basin,432-580-8060
Glitz House of Beauty,432-362-2515
Lively Wellness and Aesthetics,432-580-9168
"John Molland, MD",(432) 334-7888
Denton Facial Spa,940-368-6241
Lisa Rux,940-231-5636
Argyle Med Spa & Wellness Center,512-308-5757
Woodhouse Day Spa,817-438-1772
Beverly Hills Wellness Spa,972-355-2777
Studio 360 Med Spa,972-318-3600
Lashing Out Beauty Studio,940-395-1807
McGuiness Dermatology,972-316-4555
Flower Mound Plastic Surgery & Aesthetic Spa,972-691-7900
Spa Salus,972-688-7258
Beverly Hills Rejuvenation Center,
The Med Spa of Flower Mound,972-523-1399
Hidden Door Med Spa Roanoake,682-831-1400
Couture Skin Solutions LLC,469-644-9964 
PDP of Texas PLLC - Southlake Dermatology,214-751-2381
Greer Dermatology,(817) 550-7125
Sedo Laser,214-686-7826
It's A Secret MedSpa LLC,469-786-5874
Vita Spa Salon,469-605-5333
Atomic Beauty,469-269-1012
Hidden Door Med Spa Skinceuticals Aesthetic Center,817-988-3335
Spa on the Square,817-488-8848
Hidden Door Med Spa Southlake,817-488-8848
Starwood Med Spa,972-415-3899
Southlake Plastic Surgery,(817) 442-8900
Corinthian Wellness Spa,817-416-9366
Serendipity Day Spa,678-557-4964
Carrie Morris MD,972-922-3016
KE Eye Centers of TX,817-717-6364
North Texas Plastic Surgery,817-416-8080
Skin RX by Roxanne,682-738-0466
"Trinity Aesthetics & Laser, LLP",817-310-6624
Lifestream Spa & Boutique,972-304-6400
Executive Health and Wellness of Texas,817-581-7246
McGuiness Dermatology and Aesthetics,(972) 316-4555
Rodgers Dermatology,972-704-2400
Compassion Dermatology PLCC,817-380-5911
Texas Facial Aesthetics,469-362-6975
"Wellworx Health, Hormone & Wellness Clinic",972-645-1677
Eclipse Medical Spa,817-581-4354
Elysium Salon & Spa,973-694-1555
Tru Derm Plano,972-635-3400
The Paragon Plastic Surgery & Med Spa,817-473-2120
ME-HD,817-741-6111
Belissima,214-856-9960
Renaissance Plastic Surgery,972-378-3870
Renovare Spa LLC,972-523-9977
Le Beau Visage Medical Spa,214-705-7676
Derma Clinic,817-337-5888
U Med Spa - Plano,972-943-8633
Skin & Body Refinery,(254) 235-0605
Pure Elite Spa,254-732-6050
Pura Vida Day Spa & Salon,254-741-9393
The N Spa,254-216-9323
Skin By Lucy Med,972-854-2267
Oasis Med Spa & Laser Center,972-250-9999
Laser Beauty Medical Spa,972-930-0333
GOH Medical,214-543-5569
Grand Spa,972-392-9393
Couture Skin Solutions LLC,469-644-9964 
Med Spa Studios,214-619-5000
Salon D,214-499-0474
Beyond Beautiful Cosmetic Surgery and Med Spa,972-608-0990
Brilliant Skin By Reese ,214-458-6883
Lily Med Spa,972-503-5459
Hiatus Spa + Retreat Plano,972-836-0500
Erase Anti Aging Spa,469-772-0000
Vitalize Medical Spa,972-473-4999
Botanical Oasis Spa,469-573-0132
Luxe Image Medical Spa,469-543-9335
Skintastic,817-368-9838
Rejuve Med-Spa,972-265-1590
Vital Wellness & Weight Loss,972-985-5511
My Med Spa LLC,972-378-0993
"Naira Babian, MD",972-403-0800
"Bradford A Bader, MD - Facial Plastic and Reconstructive Surgery",214-501-2021
Medical Aesthetics of North Texas,214-577-1777
Avanti Skin Center of Willow Bend,469-229-0921
The Skin Studio,713-303-6558
Face Haus Skin Spa,214-729-3053
Love Glow Sudio LLC,469-223-1349
Blue Lotus Skincare LLC,469-338-1417
Fresh Faces,972-816-1857
Dallas Skin Institute,972-503-5274
Beaus Clinical Skin Care,214-272-7258
Lifestream Spa & Boutique,972-304-6400
McGuiness Dermatology and Aesthetics,(972) 316-4555
Shellie Liptak Advanced Skincare and Rejuvenation,214-535-2406
Surface Skin Spa,972-599-2900
"PDP of Texas, PLLC - Dallas Associated Dermatologist ",214-751-2381
Christa Eckman LLC,(512) 925-9141
Rejive Med Spa - Plano,844-735-4831
Image Laser Medical Spa,972-746-0036
Nouveau Med Spa,253-358-3667
Bader Facial Plastic Surgery,214-501-2021
Center for Derm & Cosmetic Laser,972-985-9003
The Woodhouse Day Spa,214-473-9955
U Med Spa - Plano,972-943-8633
Lemmon Avenue Age Management LLC,214-220-2712
Tru Derm Plano,972-635-3400
Renaissance Plastic Surgery,972-378-3870
The Bloom Medical Spa,972-331-7727
PDP of Texas PLLC - Dallas Associated Dermatologist,214-751-2381
North Texas Dermatology ,972-769-8180
Halina European Day Spa,512-246-9700
Westlake Dermatology - Round Rock,512-583-3376
Round Rock Skin Clinic,512-577-7422
Halina European Skin Care,512-246-9700
Cadiz Laser Spa,512-733-2639
Blonde Faith Salon,512-771-7393
Hall Plastic Surgery & Rejuvenation Center,512-327-5337
Life Time Fitness,512-634-4724
Westlake Dermatology - North Austin,512-279-3376
Elysian Plastic Surgery,330-472-4143
OrganicSpa Massage,512-627-7243
Ideal Weight & Skin,512-914-3264
"Beverly Hills Wellness Spa III, LLC",254-462-7191
"Viva Day Spas, Inc",512-300-2256
Clean Slate Waxing Lounge,512-792-9955
Cedar Park Aesthetics,512-260-3444
Woodhouse Cedar Park,512-773-1766
Massage Sway,512-873-0999
Wrinkle Free MD Med Spa & Wellness Clinic,512-943-9898
Beautiful Solutions,512-343-7546
Spa Luxe,512-646-2255
Laser Lounge Med Spa,512-863-2118
More Beautiful You,512-334-9917
Lillian Bradford,956-975-5960
Jon Ric Austin,254-220-7511
7 Medspa,512-954-9651
"Elisabeth Potter, MD",512-893-5849
Austin Skin Plus,512-850-8835
Facial Focus Cosmetic Surgery,512-717-9475
Halina European Day Spa,512-452-3500
Halina European Skin Care,512-452-3500
Red Stella,512-433-6762
Calm Skincare Studio,512-771-4950
Face to Face Spa,512-215-8535
Woodhouse Day Spa- Austin,512-306-1100
The Woodhouse Day Spa,512-306-1100
Westlake Dermatology - Lamar,512-328-3376
Viva Day Spa-35th ,512-361-1786
Toccare Medical Spa,512-533-7317
Wellspring Plastic Surgery,512-600-2888
Snyder Dermatology,512-533-9900
Zimmet Vein & Dermatology,512-485-7700
Mint and Thyme,512-436-0817
Steiner Ranch Dermatology,512-266-0007
"Mueller Surgery Center, LLC",512-478-6398
NewU Plastic Surgery,512-478-6398
Aloe Skin & Body ,512-344-9394
Neu Skin,512-680-5974
Skin Care by Karey,512-217-5229
Alite Laser,512-771-2553
Absolute Perfection,325-690-6500
Bliss Skin Spa,325-280-1899
Massage Heights - Abilene,325-695-0200
"Oasis Med Spa, LLC",832-295-3086
Advanced Dermatology & Skin Care,281-665-4444
Bergamos Spa Retreat,281-992-3775
Fab Med Spa,281-819-1565
Natura Med Spa,713-436-0148
Acqua Med Spa - Dr. Ciaravino,713-627-1200
Coastal Plastic Surgery,281-316-8888
Coastal Plastic Surgery,281-282-9300
Beyond Beaute,281.286.7700
Clariday Aesthetics,281-948-4115
Blow Out Salon and Spa,713-478-1998
Renew You,832-247-1099
Akoya Spa,281-488-8797
Houston Methodist Physician Organization,832-667-5421
Clearstone Medical Spa,832-460-4200
Alive Med Spa,713-539-0933
MedSkin Youth,281-565-0009
Kathy Haney,(281) 850-9894
Beyond Beaute,281.930.1734
Glow Medical Aesthetics,713-665-4569
Beautique Day Spa & Salon,713-526-1126
Synergy Day Spa,713-474-7220
Mink Lash Spa,832-368-7219
Perfect Skin Med Spa,713-521-9990
Q The Salon,713-807-0000
"B-Youtiful Face and Body Med Spa, LLC",832-980-0724
Chrysalis Skin & Body Rejuvenation,713-522-2111
The Hotel Alessandra,832-289-3223
Camille Cash MD,713-571-0600
Institue of Anti-Aging Medicine,713-807-1000
Michaelyndon Inc.,713 963 9121
Glo Sun Spa ,(713) 545-1913
DermSurgery Associates,713-669-9222
Yana Skin Care,281-306-1999
Body Envy Med Spa,713-429-4212
Bellaire Dermatology Associates,713-661-4383
Sousan Med Spa,713-527-9878
Milk + Honey - Houston,512-236-1115
West Ave Plastic Surgery,713-591-9283
Glamour Plastic Surgery and Med Spa,713-766-4643
MIA Plastic Surgery,832-804-8992
Share Wellness & Medispa,713-621-8200
AESTHETICS MANAGEMENT SERVICES LLC,713-522-5711
ZO Skin Centre - Houston,832-831-4933
Touch of Beauty Cosmedispa,832-248-8142
Flawless Studio,832-660-4476
Sienna Dermatology,832-342-9700
Bella Rinova,713-572-0022
Spa810 - Houston,810-280-0245
Galleria Aesthetics,713-552-1122
Candace King,310-497-4615
Adairis Skincare,310-469-4123
Beverly Hills Surgery and Aesthetic,310-855-0865
SoSPA,917-423-2503
Cienega Med Spa,310-776-6882
Cienega Medspa- Beverly Hills,323-992-0090
Danesh Dermatology & Laser Surgery,310-271-0312
Equinox Fitness,323-405-6405
Healing Hands Spa,310-360-6150
Patrizia Lo Bue,310-874-6755
M Beauty and Wellness,818-667-4747
Lemaje Skin Care,310-657-7037
Skinlab,310-340-0307
Lyfe Health & Aesthetic Clinic,310-967-9693
Skin by Carla,310-717-7821
SKIN by Carla,310-717-7821
Cosmetic Rejuvenation Medical Center,323-650-9949
Kinara Spa,310-657-9188
Four Seasons - LA,310-273-2222
Equinox Fitness-W Hollywood,310-289-1900
Ole Henriksen Face & Body,310-854-7700
Equinox Fitness Club & Spa,310-289-1900
Avant Plastic Surgery,310-855-3960
Marc Edward Skincare,213-705-8899
Obagi Skin Health Institute,310-275-3030
Rowena Lim,310-435-4170
Majid Sabour MD PC,(914) 275-7305
Spa 415,310-276-8018
MOTYKIE MED SPA,310-276-6772
Rodeo Drive Dermatology & Aesthetics,310-299-8494
The Spa on Rodeo,424-284-8040
Equinox,310-888-8150
"Harold Lancer, MD",310-278-8444
Gladys Skin Care,310-850-7048
Simoni Plastic Surgery,310-360-1360
Luxe Life Mobile Spa,310-916-9810
Beverly Hills Facial Plastic Surgery Center,310-882-5656
Ghavami Plastic Surgery,310-275-1959
Beverly Hills Plastic Surgery Group,310-275-6600
Cassileth Plastic Surgery,310-278-8200
Lift MD Aesthetics,310-285-0400
Celebrity Aesthetics/Beverly Hills Skin Lab,310-497-6374
Leaf & Rusher Medical Skincare Clinic,310-276-5558
DMH Aesthetics,323-703-5078
The Roxbury Institute,424-394-1610
Rebecca Fitzgerald MD,323-464-8046
John F. Diaz MD A Professional Corp,310-770-9949
Revive Beverly Hills Medical Institute for Eye and Facial Aesthetics,310-278-7228
Rox Spa Aesthetics,310-777-0496
Crystal Clear Skin & Beauty,310-962-5595
"John Molland, MD",(432) 334-7888
Lively Wellness and Aesthetics,432-580-9168
Glitz House of Beauty,432-362-2515
Laser & Aesthetic Center of Permian Basin,432-580-8060
West Texas Dermatology,432-563-3113
Midland Plastic Surgery,452-618-6772
Midland Plastic Surgery Center,432-618-6772
Woodhouse - Midland,432-268-0210
Aftan's Aesthetics,(432) 242-7412
Kalologie Medspa,281-265-0880
Forever Young and Slim Med Spa,713-435-9800
Beauty & Body Wellness Spa,281-277-0602
Shanti Spa,281-725-8452
Lifetime Fitness,281-340-3100
Life Time Fitness,281-340-3100
Derma Glo Skincare,713-480-0740
The Art of Skin,832-863-2064
Sugarland Face & Body,281-313-0555
Sugarland Fcae and Body,281-313-0555
"Bio Skin and Laser, LLC",281-325-0100
Sheetal's Skin Care Clinic,281-750-5967
Woodhouse Day Spa- Sugarland,281-208-9119
You Only Younger,281-937-7537
Med-Cure Anti-Aging and Skincare,713-776-3906
Sienna Dermatology,832-342-9700
Facial Care,713-922-0822
Light & Tight Medispa,832-283-8823
Reign Spa,832-326-7882
iGlo Medical Spa,281-496-2431
Icore Aesthetics,956-251-0798
Asheni Med Spa,817-262-5650
Elysian Aesthetics,532-671-9341
Skinscriptions,713-458-0224
DermSurgery Associates,713-669-9222
Houston Dermatology and Plastic Surgery,281-665-2626
Bellaire Dermatology Associates,713-661-4383
Glamour Plastic Surgery and Med Spa,713-766-4643
The Belage Center PLLC,713-978-7878
Village Dermatology,713-952-8400
Helena's Day Spa,713-954-5400
"ReNew You , LLC",713-467-0146
Massage Heights San Felipe Voss,713-278-7529
Beverly Hills Rejuvenation Center-Houston,832-900-2472
Lifetime Fitness,713-464-1200
Galleria Aesthetics,713-552-1122
Ovation Med Spa,713-999-4027
Mink Lash Spa,832-368-7219
Advanced OBGYN-MedSpa,713-465-5966
Physicians Hair Restoration Center,281-347-4247
Skin Solutions Med Spa by Cheryl,281-224-7171
Hiatus Spa + Retreat Houston,713-470-0990
Suzanne Bruce & Associates,713-850-0470
DC Medical Spa,832-881-7522
Glow Medical Aesthetics,713-665-4569
Natura Med Spa,713-436-0148
TMH Physicians Organization,832-522-8400
MIA Plastic Surgery,832-804-8992
Goodskin Laser Source,713-339-2600
Zazen Wellness,281-665-2550
Loma Linda Aesthetics,(951) 849-2849
Esthetics & Brow Artistry,909-838-0430
Morongo Casino Resort & Spa,951-755-5773
Ambiance,951-288-5408
"Ingrid E. Trenkle, MD",909-787-1699
Jody Henderson,951-538-9505
Aesthetics Skin and Laser Center,909-792-0001
Advanced Dermatology & Laser Center,(909) 792-8600
Natural Elegance Beauty,909-219-4236
Cloud 9 Medi Spa,909-792-3223
Kelly's Spa at the Mission Inn,951-341-6725
SkincareLove,951-322-5687
"Riverside Plastic Surgery Associates, Inc.",951-781-4339
Adorn Aesthetics Skin Lounge,951-380-4050
Riverside Medical Clinic,951-782-3796
HEALING WAYS WELLNESS SPA,951-333-1584
Epic Esthetics @ The Bamboo Garden,951-682-5233
Woodlands Wellness & Cosmetic Center,281-362-0014
Massage Heights Lake Woodlands ,832-900-7788
The Lind Institute of Plastic Surgery,281-419-1177
Glo Sun Spa Market Street,  713-545-1913
Beautiful Faces,281-419-0080
Rivela Plastic Surgery,281-681-3905
Medical Aesthetics and Laser,281-419-2220
Flawless by Elite,(281) 803-8482
Gill Dermatology,936-760-3373
Skinsense by Susie,281-380-7735
Woodland Wellness & Cosmetic Center,281-362-0014
Body by Lipo,832-529-1152
Derma Solutions,281-743-2163
The Village Spa,832-808-2584
Body Benefits,281-292-8882
Susie at Correa Plastic Surgery & Medspa,281-419-9119
Woodlands Medical Aesthetics Institute,936-273-9053
Sera Belle Spa and Salon,832-458-8523
TMH Physicians Organization,832-769-5600
New Horizons Wellness Center,281-419-5544
Radiance Advanced Skin & Body Care,281-367-4700
Vedas Medical Spa,281-298-5476
Massage Heights Spring Creek,832-900-7222
Cilento MedSpa & Wellness,346-413-9313
Megan DeGeorge ,985-232-2981
The Lash & Brow Factory LLC,832-482-7686
Wuest Plastic Surgery,936-441-8855
Conroe Aesthetics & Wellness,936-441-1064
Ada's Skin Care,281-257-4465
Beauty IQ,832-799-8942
Woodhouse Day Spa- The Woodlands,281-374-8384
Glo Sun Spa Spring,(832) 928-0403
New Life Wellness & Medical Spa,281-351-4808
Fashion Forest Beauty Salon,281-351-1200
The Woodhouse Day Spa at Vintage Park,281-407-2802
Asa Skin Rejuvination Center,281-251-7718
Beautiful Faces,832-890-9399
Dillon Pederson,832-754-8095
Les Grandeur,346-800-4308
Vintage Wellness,281-320-2888
MedSpa 21,281-364-6614
Optimal Aesthetic and Wellness Center,281-359-5749
Kingwood Skin Essentials,832-777.6846
Life Time Fitness - Champions,281-469-9300
Radiant Dermatology & Aesthetics,281973-4159
Nita Med Spa,281-370-0070
Christine's Salon,832-579-8980
Humble Dermatology,281-707-6400
The Vein Institute & Medi Spa,
Bullock Center for Aesthetics,936-448-1772
Artisan's Rejuvenation Med Spa,979-200-4833
SkinSense by Susie,832-269-9000
Studio 360 Med Spa,972-318-3600
McGuiness Dermatology,972-316-4555
Flower Mound Plastic Surgery & Aesthetic Spa,972-691-7900
Couture Skin Solutions LLC,469-644-9964 
Beverly Hills Wellness Spa,972-355-2777
Woodhouse Day Spa,817-438-1772
The Med Spa of Flower Mound,972-523-1399
Lifestream Spa & Boutique,972-304-6400
GOH Medical,214-543-5569
"Trinity Aesthetics & Laser, LLP",817-310-6624
McGuiness Dermatology and Aesthetics,(972) 316-4555
Beyond Beautiful Cosmetic Surgery and Med Spa,972-608-0990
Hiatus Spa + Retreat Plano,972-836-0500
Skintastic,817-368-9838
Face Haus Skin Spa,214-729-3053
Avanti Skin Center of Willow Bend,469-229-0921
Vitalize Medical Spa,972-473-4999
"Bradford A Bader, MD - Facial Plastic and Reconstructive Surgery",214-501-2021
Executive Health and Wellness of Texas,817-581-7246
Atomic Beauty,469-269-1012
Vita Spa Salon,469-605-5333
My Med Spa LLC,972-378-0993
"Naira Babian, MD",972-403-0800
Erase Anti Aging Spa,469-772-0000
Skin By Lucy Med,972-854-2267
Tru Derm Plano,972-635-3400
Oasis Med Spa & Laser Center,972-250-9999
Renaissance Plastic Surgery,972-378-3870
Greer Dermatology,(817) 550-7125
Laser Beauty Medical Spa,972-930-0333
The Woodhouse Day Spa,214-473-9955
U Med Spa - Plano,972-943-8633
Eclipse Medical Spa,817-581-4354
Elysium Salon & Spa,973-694-1555
KE Eye Centers of TX,817-717-6364
Sedo Laser,214-686-7826
Serendipity Day Spa,678-557-4964
Lisa Rux,940-231-5636
Hidden Door Med Spa Southlake,817-488-8848
Hidden Door Med Spa Skinceuticals Aesthetic Center,817-988-3335
Spa on the Square,817-488-8848
PDP of Texas PLLC - Southlake Dermatology,214-751-2381
Corinthian Wellness Spa,817-416-9366
Southlake Plastic Surgery,(817) 442-8900
Botanical Oasis Spa,469-573-0132
Luxe Image Medical Spa,469-543-9335
Spa Salus,972-688-7258
Starwood Med Spa,972-415-3899
Belissima,214-856-9960
Rodgers Dermatology,972-704-2400
Clariday Aesthetics,281-948-4115
Coastal Plastic Surgery,281-316-8888
Coastal Plastic Surgery,281-282-9300
Renew You,832-247-1099
Akoya Spa,281-488-8797
Acqua Med Spa - Dr. Ciaravino,713-627-1200
Beyond Beaute,281.286.7700
Fab Med Spa,281-819-1565
Bergamos Spa Retreat,281-992-3775
Blow Out Salon and Spa,713-478-1998
Beyond Beaute,281.930.1734
"Oasis Med Spa, LLC",832-295-3086
Advanced Dermatology & Skin Care,281-665-4444
Natura Med Spa,713-436-0148
MD Skincare and Laseer,281-201-8939
MD Weight Loss,281-201-8243
Alive Med Spa,713-539-0933
Refresh Medispa,713-907-6198
Lulu's The Salon,409-744-5323
Houston Methodist Physician Organization,832-667-5421
San Luis Resort and Spa,409-744-1500
Clearstone Medical Spa,832-460-4200
"B-Youtiful Face and Body Med Spa, LLC",832-980-0724
The Hotel Alessandra,832-289-3223
Kathy Haney,(281) 850-9894
MedSkin Youth,281-565-0009
Beautique Day Spa & Salon,713-526-1126
Synergy Day Spa,713-474-7220
Q The Salon,713-807-0000
Perfect Skin Med Spa,713-521-9990
Glow Medical Aesthetics,713-665-4569
Camille Cash MD,713-571-0600
Mink Lash Spa,832-368-7219
Chrysalis Skin & Body Rejuvenation,713-522-2111
Body Envy Med Spa,713-429-4212
Tyler Plastic Surgery,903-526-2500
Dermatology of East Texas,903-595-2283
Center for Aesthetic and Laser Medicine,903-534-6200
Luxe Med Spa,903-509-9955
Subzero Cryotherapy,903-787-7479
Identity Med Spa & Salon,903-581-1500
Cosmetic Laser Center - Wichita Falls,940-696-2192
Lookin Good Medi Spa,940-723-0384
Ruth E Gonzalez,940-767-3797
Bloom Clinical Skin Care LLC,817-602-5898
Total Med Solutions,(214) 987-9200
Top Spa,972-365-3931
Tru Derm Allen,(972) 635-3400
Life Time Fitness,214-383-2224
Laser Beauty Medical Spa,972-930-0333
Craig Ranch Spa,214-383-1010
"CR Fitness, LLP",214-383-000
Beauty by Showtime ,972-632-7333
My Fabulash Studio LLC,469-360-1771
Gorgeous Glow Skin Center,469-816-2399
Med Spa Studios,817-296-4546
Warthan Dermatology Center,972-542-4646
North Texas Dermatology ,972-769-8180
McGuiness Dermatology,972-316-4555
Revive Med Spa,972-422-4040
Facelogic Spa,972-424-3323
Premier Med Spa,214-730-6300
PDP of Texas PLLC - Dallas Associated Dermatologist,214-751-2381
Face Haus Skin Spa,214-729-3053
Ultimate Image,972-800-2127
It's A Secret MedSpa LLC,469-786-5874
Vibrant Skinecare and Laser Center,469-396-7748
Le Beau Visage Medical Spa,214-705-7676
Bader Facial Plastic Surgery,214-501-2021
Center for Derm & Cosmetic Laser,972-985-9003
"Wellworx Health, Hormone & Wellness Clinic",972-645-1677
Skin Zone Rx,972-377-5500
Texas Facial Aesthetics,469-362-6975
Image Laser Medical Spa,972-746-0036
Christa Eckman LLC,(512) 925-9141
Rejive Med Spa - Plano,844-735-4831
Belissima,214-856-9960
Surface Skin Spa,972-599-2900
Rodgers Dermatology,972-704-2400
U Med Spa - Plano,972-943-8633
The Woodhouse Day Spa,214-473-9955
Renaissance Plastic Surgery,972-378-3870
The Skin Studio,713-303-6558
Starwood Med Spa,972-415-3899
Tru Derm Plano,972-635-3400
Medical Aesthetics of North Texas,214-577-1777
McGuiness Dermatology - Richardson,972-316-4555
It's A Secret MedSpa LLC,469-786-5874
My Med Spa LLC,972-378-0993
"Naira Babian, MD",972-403-0800
Vital Wellness & Weight Loss,972-985-5511
Face Haus Skin Spa,214-729-3053
Atomic Beauty,469-269-1012
Avanti Skin Center of Willow Bend,469-229-0921
"Bradford A Bader, MD - Facial Plastic and Reconstructive Surgery",214-501-2021
Amy Hill c/o Waterford Wellness Spa,325-657-0186
Donna Blanco c/o Waterford Wellness,325-212-2301
Allure Dermatology,956-630-3376
RGV Rejuvenate Med Spa,956-358-1291
D'Vine Skin Therapy,956-467-7710
West Fern Spa,956-777-8397
Angel Hands Spa,956-225-5689
Venus Medspa,956-682-0255
Cosmetic Laser Center,956-668-7700
Wuest Plastic Surgery,936-441-8855
Conroe Aesthetics & Wellness,936-441-1064
TMH Physicians Organization,832-769-5600
Woodlands Medical Aesthetics Institute,936-273-9053
The Village Spa,832-808-2584
The Lash & Brow Factory LLC,832-482-7686
Woodland Wellness & Cosmetic Center,281-362-0014
Beautiful Faces,281-419-0080
Rivela Plastic Surgery,281-681-3905
Gill Dermatology,936-760-3373
Skinsense by Susie,281-380-7735
Medical Aesthetics and Laser,281-419-2220
Megan DeGeorge ,985-232-2981
Flawless by Elite,(281) 803-8482
Massage Heights Lake Woodlands ,832-900-7788
Woodlands Wellness & Cosmetic Center,281-362-0014
The Lind Institute of Plastic Surgery,281-419-1177
Glo Sun Spa Market Street,  713-545-1913
Radiance Advanced Skin & Body Care,281-367-4700
Susie at Correa Plastic Surgery & Medspa,281-419-9119
Body Benefits,281-292-8882
Vedas Medical Spa,281-298-5476
Body by Lipo,832-529-1152
Bullock Center for Aesthetics,936-448-1772
Derma Solutions,281-743-2163
SpaTerre at La Torretta del Largo Spa & Resort,936-448-4400
Sera Belle Spa and Salon,832-458-8523
New Horizons Wellness Center,281-419-5544
Stillwater Sundari,936-539-3937
Massage Heights Spring Creek,832-900-7222
Still Waters Spa,936-539-3937
Cilento MedSpa & Wellness,346-413-9313
New Life Wellness & Medical Spa,281-351-4808
Beautiful Faces,832-890-9399
Beauty IQ,832-799-8942
Ada's Skin Care,281-257-4465
Fashion Forest Beauty Salon,281-351-1200
Glo Sun Spa Spring,(832) 928-0403
Woodhouse Day Spa- The Woodlands,281-374-8384
Optimal Aesthetic and Wellness Center,281-359-5749
Kingwood Skin Essentials,832-777.6846
Radiant Dermatology & Aesthetics,281973-4159
Christine's Salon,832-579-8980
Dillon Pederson,832-754-8095
Les Grandeur,346-800-4308
Asa Skin Rejuvination Center,281-251-7718
The Woodhouse Day Spa at Vintage Park,281-407-2802
Vintage Wellness,281-320-2888
MedSpa 21,281-364-6614
Nita Med Spa,281-370-0070
Comprehensive Dermatology of Long Beach,562-256-9929
At The Powder Room,562-726-0548
Opulence Wellness Spa,562-787-9982
Salon Allure,562-429-9209
Mays Wellness & Spa,562-596-1400
Stella Marie Skin Care,562-755-5263
Beyond Skin Care,310-735-5762
Queen Mary Spa & Salon,562-499-1754
Belle Vie Wellness,562-865-0802
Your Spa,626-331-2348
Image RX ,562-961-3668
Polished RX Skin Couture,800-681-7904
O Skin Care,562-897-1445
LaVon Skin Care,562-402-7546
Cape Cod Coiffures,562-209-3783
"Marilou G. Cruz MD, Inc.",562-861-1245
Hairline,310-831-3221
Signature Brows & Skincare,562-412-5078
Signature Brows & Skincare Studio,562-412-5078
Soft Glow Med Spa,424-305-4169
Vitalia Medspa,310-370-0008
"Her, Inc.",310-325-9400
Signature Med Spa by Su Sachar MD,310-602-1332
"Linda Swanson, MD",310-517-0931
CAREER ACADEMY OF BEAUTY,714-897-3010
The Spa at South Bay Plastic Surgeons,310-784-0670
"James V. O'Connell, M.D.",310-639-4577
Coast Dermatology,310-890-3825
Medical Dock,424-477-5579
Make Me Up Sam,516-350-2509
Sunset Skin Boutique,661-301-4835
Tikkun Holistic Skincare,310-375-7546
La Belle Med Spa,310-619-4670
DermFx - Sunset Beach,562-592-5100
Naturopathy Spa & Wellness,424-376-7404
ProHealth Wellness Center,714-548-4300
DermFx - Redondo Beach,310-316-2100
Marcus Medical Spa,310-316-1400
Aesthetica,310-316-6700
Allison Mockett,310-944-2826
Kim Tran,310-871-2029
Barbarino Surgical Arts,310-402-2255
SkinMedix,310-374-6600
Manhattan Dermatology,310-546-1188
Bay Club - SANCTUARY SPA- El Segundo,310-643-6569
Dermstore,310-526-0008
Inner Glimmer,(310) 963-6802
OrangeTwist- South Bay,310-647-5694
Image Center,714-293-8030
El Segundo Dermatology,310-906-2788
Queen Mary Spa & Salon,562-499-1754
At The Powder Room,562-726-0548
Comprehensive Dermatology of Long Beach,562-256-9929
Mays Wellness & Spa,562-596-1400
Polished RX Skin Couture,800-681-7904
Image RX ,562-961-3668
Opulence Wellness Spa,562-787-9982
Beyond Skin Care,310-735-5762
Stella Marie Skin Care,562-755-5263
Hairline,310-831-3221
Cape Cod Coiffures,562-209-3783
Salon Allure,562-429-9209
Medical Dock,424-477-5579
Soft Glow Med Spa,424-305-4169
Belle Vie Wellness,562-865-0802
Sunset Skin Boutique,661-301-4835
Vitalia Medspa,310-370-0008
DermFx - Sunset Beach,562-592-5100
Your Spa,626-331-2348
O Skin Care,562-897-1445
"Her, Inc.",310-325-9400
Signature Med Spa by Su Sachar MD,310-602-1332
"Linda Swanson, MD",310-517-0931
"James V. O'Connell, M.D.",310-639-4577
Tikkun Holistic Skincare,310-375-7546
The Spa at South Bay Plastic Surgeons,310-784-0670
Coast Dermatology,310-890-3825
La Belle Med Spa,310-619-4670
CAREER ACADEMY OF BEAUTY,714-897-3010
Naturopathy Spa & Wellness,424-376-7404
LaVon Skin Care,562-402-7546
Make Me Up Sam,516-350-2509
ProHealth Wellness Center,714-548-4300
"Marilou G. Cruz MD, Inc.",562-861-1245
Marcus Medical Spa,310-316-1400
Aesthetica,310-316-6700
Signature Brows & Skincare,562-412-5078
Signature Brows & Skincare Studio,562-412-5078
DermFx - Redondo Beach,310-316-2100
Image Center,714-293-8030
Allison Mockett,310-944-2826
Kim Tran,310-871-2029
Beach Skin MD,323-899-1741
Barbarino Surgical Arts,310-402-2255
Monet's,310-497-6997
SkinMedix,310-374-6600
Dermstore,310-526-0008
Manhattan Dermatology,310-546-1188
Hannah's Skin Studio,714-468-3400
Allure Anti-Aging & Rejuvenation Center at Pacifica,714-804-5460
Millennium Medi Spa,830-608-9989
Gruene House Med Spa,210-382-3930
Hill Country Vein & Aesthetic Center,830-625-6258
Skin Unlimited,830-214-7060
Massage Heights New Braunfels ,830-302-2091
Skin Magic Med Spa,512-392-1411
Dermatology Associates of San Antonio,210-657-9338
Lantana Spa @ JW Marriott San Antonio Hill Country Resort,210-491-5830
Aria Salon & Spa,210-902-9092
Massage Heights Spring Branch,830-743-9901
Beverly Hills Rejuvenation Center- San Antonio,210-802-2803
Hidden Med Spa of Wimberley,512-739-5129
Life Time Fitness,210-745-3424
Best Kept Secret of Paris,903-495-2984
Dermatololgy Associates of San Antonio,210-490-4661
Vita Sana ,210-488-4154
Massage Heights of Stone Oak,210-570-9803
Texas Dermatology & Laser Specialists,210-829-5180
Turquoise Springs Medical Spa,(210) 253-3313
Slimedica,210-880-0549
"It's a Secret Med Spa, LLC Longview",430-625-7220
Cherry Hill Med Spa,903-238-4332
Aesthetica Medical Spa,903-757-5220
Ageless Medical Clinic,903-212-7550
Skin Dearly Yours,903-445-3507
Angel Hands Spa,956-225-5689
Venus Medspa,956-682-0255
Cosmetic Laser Center,956-668-7700
RGV Rejuvenate Med Spa,956-358-1291
West Fern Spa,956-777-8397
D'Vine Skin Therapy,956-467-7710
Allure Dermatology,956-630-3376
Flower Mound Plastic Surgery & Aesthetic Spa,972-691-7900
The Med Spa of Flower Mound,972-523-1399
McGuiness Dermatology,972-316-4555
Beverly Hills Wellness Spa,972-355-2777
Woodhouse Day Spa,817-438-1772
Greer Dermatology,(817) 550-7125
Studio 360 Med Spa,972-318-3600
PDP of Texas PLLC - Southlake Dermatology,214-751-2381
Sedo Laser,214-686-7826
"Trinity Aesthetics & Laser, LLP",817-310-6624
Hidden Door Med Spa Skinceuticals Aesthetic Center,817-988-3335
Hidden Door Med Spa Southlake,817-488-8848
Spa on the Square,817-488-8848
KE Eye Centers of TX,817-717-6364
Serendipity Day Spa,678-557-4964
Corinthian Wellness Spa,817-416-9366
Southlake Plastic Surgery,(817) 442-8900
Executive Health and Wellness of Texas,817-581-7246
North Texas Plastic Surgery,817-416-8080
Eclipse Medical Spa,817-581-4354
Elysium Salon & Spa,973-694-1555
Carrie Morris MD,972-922-3016
Skin RX by Roxanne,682-738-0466
Lifestream Spa & Boutique,972-304-6400
The Paragon Plastic Surgery & Med Spa,817-473-2120
REFINEU Med Spa,817-202-5626
Hidden Door Med Spa Roanoake,682-831-1400
Compassion Dermatology PLCC,817-380-5911
Calista Skin and Laser,817-488-3838
Heritage Family Medicine and Aesthetics,817-354-7999
ME-HD,817-741-6111
Beautopia,817-888-4815
Hospital Growth LLC DBA Center for Aesthetic Surgery,817-503-2442
Trinity Aesthetics and Laser,817-310-6624
Eye LaLa,817-919-3849
Argyle Med Spa & Wellness Center,512-308-5757
Derma Clinic,817-337-5888
Beverly Hills Rejuvenation Center,
Couture Skin Solutions LLC,469-644-9964 
Lisa Rux,940-231-5636
Northeast Tarrant Dermatology,817-281-7546
Four Season Dallas,
Four Seasons Resort and Club- Dallas,972-717-0700
Melt Spa and Massage,623-414-0447
GOH Medical,214-543-5569
Denton Facial Spa,940-368-6241
Skin MD,817-595-4500
Salons on the Hill,817-995-9270
Skinique,817-484-0300
Skin By Lucy Med,972-854-2267
MD Skincare and Laseer,281-201-8939
MD Weight Loss,281-201-8243
Solace Medspa,832-808-7095
Beyond Beaute,281.930.1734
Blow Out Salon and Spa,713-478-1998
Akoya Spa,281-488-8797
Beyond Beaute,281.286.7700
Renew You,832-247-1099
Acqua Med Spa - Dr. Ciaravino,713-627-1200
Coastal Plastic Surgery,281-316-8888
Coastal Plastic Surgery,281-282-9300
Clariday Aesthetics,281-948-4115
Bergamos Spa Retreat,281-992-3775
Fab Med Spa,281-819-1565
Crave Med Spa,832-777-7788
The Skin Gallery,281-841-0508
Shannon McIntire Skin Care,713-254-3760
Life Time Fitness,832-445-3924
"B-Youtiful Face and Body Med Spa, LLC",832-980-0724
The Hotel Alessandra,832-289-3223
Alive Med Spa,713-539-0933
The Vein Institute & Medi Spa,
Face It MedSpa,281-360-1342
"Beverly Hills Wellness Spa III, LLC",254-462-7191
Woodhouse Cedar Park,512-773-1766
Cedar Park Aesthetics,512-260-3444
Ideal Weight & Skin,512-914-3264
Beautiful Solutions,512-343-7546
Blonde Faith Salon,512-771-7393
Hall Plastic Surgery & Rejuvenation Center,512-327-5337
Life Time Fitness,512-634-4724
Jon Ric Austin,254-220-7511
Wrinkle Free MD Med Spa & Wellness Clinic,512-943-9898
Clean Slate Waxing Lounge,512-792-9955
OrganicSpa Massage,512-627-7243
Halina European Skin Care,512-246-9700
Westlake Dermatology - Round Rock,512-583-3376
Elysian Plastic Surgery,330-472-4143
Facial Focus Cosmetic Surgery,512-717-9475
Halina European Day Spa,512-246-9700
Round Rock Skin Clinic,512-577-7422
"Viva Day Spas, Inc",512-300-2256
Steiner Ranch Dermatology,512-266-0007
Massage Sway,512-873-0999
Westlake Dermatology - North Austin,512-279-3376
Skin Care by Karey,512-217-5229
Cadiz Laser Spa,512-733-2639
Austin Cosmetic Surgery,512-350-3684
More Beautiful You,512-334-9917
"Elisabeth Potter, MD",512-893-5849
Face to Face Spa,512-215-8535
The Woodhouse Day Spa,512-306-1100
Woodhouse Day Spa- Austin,512-306-1100
Lillian Bradford,956-975-5960
7 Medspa,512-954-9651
Austin Skin Plus,512-850-8835
Spa Luxe,512-646-2255
Halina European Day Spa,512-452-3500
Halina European Skin Care,512-452-3500
Laser Lounge Med Spa,512-863-2118
Westlake Dermatology & Cosmetic Surgery,512-328-3376
Hall Plastic Surgery Center,512-327-5337
Fresh Dermatology,512-615-5600
Aesthetica MedSpa,512-899-2639
Red Stella,512-433-6762
Calm Skincare Studio,512-771-4950
AUSTEX Wellness and Medical Spa,512-524-9602
Viva Day Spa-35th ,512-361-1786
Body Tonic Med Spa,512-383-5204
Wink Medical Aesthetics,
Snyder Dermatology,512-533-9900
Zimmet Vein & Dermatology,512-485-7700
"Jennifer L. Walden , MD, PLLC",512-328-4100
Polished RX Skin Couture,800-681-7904
Image RX ,562-961-3668
Mays Wellness & Spa,562-596-1400
Queen Mary Spa & Salon,562-499-1754
Cape Cod Coiffures,562-209-3783
At The Powder Room,562-726-0548
Comprehensive Dermatology of Long Beach,562-256-9929
Opulence Wellness Spa,562-787-9982
Sunset Skin Boutique,661-301-4835
DermFx - Sunset Beach,562-592-5100
Salon Allure,562-429-9209
CAREER ACADEMY OF BEAUTY,714-897-3010
Belle Vie Wellness,562-865-0802
Your Spa,626-331-2348
O Skin Care,562-897-1445
Hairline,310-831-3221
Beyond Skin Care,310-735-5762
Stella Marie Skin Care,562-755-5263
LaVon Skin Care,562-402-7546
ProHealth Wellness Center,714-548-4300
Image Center,714-293-8030
Medical Dock,424-477-5579
Beach Skin MD,323-899-1741
Soft Glow Med Spa,424-305-4169
Monet's,310-497-6997
Hannah's Skin Studio,714-468-3400
"Allure Anti-Aging & Rejuvenation Center at Pacifica, Inc",(714) 804-5460
Allure Anti-Aging & Rejuvenation Center at Pacifica,714-804-5460
Vitalia Medspa,310-370-0008
Dani's Esthetics,714-969-1800
Main St. Day Spa,714-969-9968
Haven of Wellness,(714) 907-3146
"Marilou G. Cruz MD, Inc.",562-861-1245
"Her, Inc.",310-325-9400
Signature Med Spa by Su Sachar MD,310-602-1332
Equinox-Huntington Beach,657-215-4710
FACIALWORKS-Huntington Beach,949-877-1911
"Linda Swanson, MD",310-517-0931
Tikkun Holistic Skincare,310-375-7546
"James V. O'Connell, M.D.",310-639-4577
Coast Dermatology,310-890-3825
The Spa at South Bay Plastic Surgeons,310-784-0670
La Belle Med Spa,310-619-4670
Signature Brows & Skincare,562-412-5078
Signature Brows & Skincare Studio,562-412-5078
Naturopathy Spa & Wellness,424-376-7404
Hyatt Regency Huntington Beach,714-638-1234
Dermanoor,(714) 728-8000
Spa Fuzion,714-962-0888
Bella Vie Beauty Center,714-414-3118
Life Time Fitness,832-445-3924
Shannon McIntire Skin Care,713-254-3760
The Skin Gallery,281-841-0508
Crave Med Spa,832-777-7788
Face It MedSpa,281-360-1342
The Vein Institute & Medi Spa,
Christine's Salon,832-579-8980
Radiant Dermatology & Aesthetics,281973-4159
Humble Dermatology,281-707-6400
Kingwood Skin Essentials,832-777.6846
Optimal Aesthetic and Wellness Center,281-359-5749
Beautiful Faces,832-890-9399
Massage Heights Spring Creek,832-900-7222
Cilento MedSpa & Wellness,346-413-9313
New Horizons Wellness Center,281-419-5544
Sera Belle Spa and Salon,832-458-8523
Body by Lipo,832-529-1152
Heights Dermatology & Aesthetic Center,713-864-2659
Derma Solutions,281-743-2163
Ada's Skin Care,281-257-4465
MD Skincare and Laseer,281-201-8939
MD Weight Loss,281-201-8243
"B-Youtiful Face and Body Med Spa, LLC",832-980-0724
The Hotel Alessandra,832-289-3223
Flawless by Elite,(281) 803-8482
Woodlands Wellness & Cosmetic Center,281-362-0014
Medical Aesthetics and Laser,281-419-2220
Gill Dermatology,936-760-3373
The Lind Institute of Plastic Surgery,281-419-1177
Massage Heights Lake Woodlands ,832-900-7788
Woodhouse Day Spa- The Woodlands,281-374-8384
Glo Sun Spa Market Street,  713-545-1913
Beautiful Faces,281-419-0080
Rivela Plastic Surgery,281-681-3905
Spa810 - Houston,810-280-0245
AESTHETICS MANAGEMENT SERVICES LLC,713-522-5711
ZO Skin Centre - Houston,832-831-4933
The Village Spa,832-808-2584
Skinsense by Susie,281-380-7735
Beyond Beaute,281.930.1734
Flawless Studio,832-660-4476
TMH Physicians Organization,832-769-5600
Touch of Beauty Cosmedispa,832-248-8142
Woodlands Medical Aesthetics Institute,936-273-9053
Body Envy Med Spa,713-429-4212
Life Time Fitness - Champions,281-469-9300
Woodland Wellness & Cosmetic Center,281-362-0014
Q The Salon,713-807-0000
Royal Villa,713-884-0011
Alive Med Spa,713-539-0933
Med-Cure Anti-Aging and Skincare,713-776-3906
Sheetal's Skin Care Clinic,281-750-5967
"Bio Skin and Laser, LLC",281-325-0100
Woodhouse Day Spa- Sugarland,281-208-9119
Shanti Spa,281-725-8452
Sienna Dermatology,832-342-9700
Kalologie Medspa,281-265-0880
Forever Young and Slim Med Spa,713-435-9800
Beauty & Body Wellness Spa,281-277-0602
Lifetime Fitness,281-340-3100
Life Time Fitness,281-340-3100
Derma Glo Skincare,713-480-0740
The Art of Skin,832-863-2064
Facial Care,713-922-0822
Sugarland Face & Body,281-313-0555
Sugarland Fcae and Body,281-313-0555
DermSurgery Associates,713-669-9222
Asheni Med Spa,817-262-5650
Bellaire Dermatology Associates,713-661-4383
Glamour Plastic Surgery and Med Spa,713-766-4643
Mink Lash Spa,832-368-7219
iGlo Medical Spa,281-496-2431
Helena's Day Spa,713-954-5400
Glow Medical Aesthetics,713-665-4569
Natura Med Spa,713-436-0148
Galleria Aesthetics,713-552-1122
MedSkin Youth,281-565-0009
Village Dermatology,713-952-8400
The Belage Center PLLC,713-978-7878
Ovation Med Spa,713-999-4027
Kathy Haney,(281) 850-9894
Massage Heights San Felipe Voss,713-278-7529
MIA Plastic Surgery,832-804-8992
Suzanne Bruce & Associates,713-850-0470
Share Wellness & Medispa,713-621-8200
You Only Younger,281-937-7537
Clearstone Medical Spa,832-460-4200
Hiatus Spa + Retreat Houston,713-470-0990
Beautique Day Spa & Salon,713-526-1126
Glo Sun Spa ,(713) 545-1913
Bella Rinova,713-572-0022
Michaelyndon Inc.,713 963 9121
Sensia Studio & Japanese Day Spa,713.627.0070
Icore Aesthetics,956-251-0798
Synergy Day Spa,713-474-7220
Institue of Anti-Aging Medicine,713-807-1000
Perfect Skin Med Spa,713-521-9990
Goodskin Laser Source,713-339-2600
Chrysalis Skin & Body Rejuvenation,713-522-2111
Yana Skin Care,281-306-1999
Cosmetic Skin Institute DC,202-965-7546
The Ritz Carlton- Georgetown,202-912-4100
Skin DC,703-214-6496
Graham Webb Academy,703-243-9322
The Spa at the Sports Club LA,202-974-6601
"Yolanda Holmes, MD",(202) 737-6800
Javan Wellness,405-308-2812
Milk + Honey Medical Skincare Studio,435-901-8665
Skin Solutions with Jenn,202-422-8170
Javan Wellness,(202) 868-5993
Cultura Med Spa,202-237-9292
Capital Laser & Skin Care,301-798-9699
Tamjidi Skin Institute,301-652-4828
Jenny Luu Skin Care,301-533-7546
Jenny Luu Skin Care,202-344-5144
Center for Plastic Surgery,301-652-7700
Jules Feledy,540-891-0040
DermaGlow Laser,703-344-5445
Chevy Chase Facial Plastic Surgery,301-652-8191
Bethseda Salt Cave - By Cynthia Williams,707-486-2224
Cynthia Wilkins,301-312-6377
Nova Medical Skin Care,703-237-7546
Advanced Dermatology and Cosmetic Surgery-Alexandria,(703) 370-0073
Esthetic Skin Care,571-344-1666
1 Parker Medical Group,301-686-8500
New Wave at the Promenade,202-262-8421
Sugar House Day Spa & Salon,703-549-9940
Sarah Akram Skincare,703-531-9350
Par Laser,202-714-4411
Johara Aljoharah,202-868-1871
Ninotch: an urban retreat,301-913-0345
The Ritz Carlton -Tyson's Corner,703-744-3951
"Christopher C. Chang, MD",703-945-1700
Tamjidi Skin Institute,703-345-6677
Nova Surgicare,703-288-4495
Gynecology & Wellness Center,703-448-6070
Elite Medical Spa,571-620-9845
Sechoir Beauty Bar,703-698-8162
Anne Arundel Dermatology- JOL,301-530-4800
The Dermatology Center,301-968-1200
MGM National Harbor,844-346-4664
Infinite Beauty,561-880-7949
Bitar Cosmetic Surgery Institute Fairfax,703-206-0056
Modern Body Contouring & Laser Center,703-740-8333
Ann's Spa,571-230-2430
The Plastic Surgery Institute of Washington Bethesda,301-881-7770
Courted at The St. James,703-239-6910
The Woodhouse Day Spa,240-317-3114
Miracle Hands,703-256-2228
Anne Arundel Dermatology-Rockville,
Skin MD,817-595-4500
Salons on the Hill,817-995-9270
Northeast Tarrant Dermatology,817-281-7546
Eye LaLa,817-919-3849
Trinity Aesthetics and Laser,817-310-6624
Hospital Growth LLC DBA Center for Aesthetic Surgery,817-503-2442
Beautopia,817-888-4815
Calista Skin and Laser,817-488-3838
Skinique,817-484-0300
Melt Spa and Massage,623-414-0447
ME-HD,817-741-6111
Compassion Dermatology PLCC,817-380-5911
Derma Clinic,817-337-5888
The Paragon Plastic Surgery & Med Spa,817-473-2120
Jeana Wilkins,682-465-4657
Heritage Family Medicine and Aesthetics,817-354-7999
Skin RX by Roxanne,682-738-0466
Carrie Morris MD,972-922-3016
North Texas Plastic Surgery,817-416-8080
REFINEU Med Spa,817-202-5626
Southlake Plastic Surgery,(817) 442-8900
Corinthian Wellness Spa,817-416-9366
Hidden Door Med Spa Skinceuticals Aesthetic Center,817-988-3335
Spa on the Square,817-488-8848
Hidden Door Med Spa Southlake,817-488-8848
Hiatus Spa + Retreat Fort Worth,817-982-4200
Magnolia Ave Med Spa,817-840-5545
Serendipity Day Spa,678-557-4964
KE Eye Centers of TX,817-717-6364
West Magnolia Plastic Surgery,817-870-4833
Eclipse Medical Spa,817-581-4354
Elysium Salon & Spa,973-694-1555
Sedo Laser,214-686-7826
Robert G Anderson Medical Spa,817-870-4616
PDP of Texas PLLC - Southlake Dermatology,214-751-2381
Bex Laser Aesthetix,682-227-6110
Renew Day Spa,817-228-2425
Ethridge Plastic Surgery,817-921-5566
Greer Dermatology,(817) 550-7125
Physician's Ageless Solutions,682-208-1955
JEM Aesthetics,682-224-3351
Executive Health and Wellness of Texas,817-581-7246
The Woodhouse Day Spa,817-338-1772
Woodhouse Spa - Fort Worth,206-406-7135
Heather Celeste Aesthetics & Wellness,682-215-2020
Hide Away Spa and Salon Boat Club Location,(817) 238-0200
Resurgence Wellness,817-402-0013
Hidden Door Med Spa Roanoake,682-831-1400
"Trinity Aesthetics & Laser, LLP",817-310-6624
Dee Dee Ruelas,817-614-0812
Opulence Wellness Spa,562-787-9982
Comprehensive Dermatology of Long Beach,562-256-9929
At The Powder Room,562-726-0548
Salon Allure,562-429-9209
Mays Wellness & Spa,562-596-1400
Belle Vie Wellness,562-865-0802
Your Spa,626-331-2348
O Skin Care,562-897-1445
Image RX ,562-961-3668
Polished RX Skin Couture,800-681-7904
LaVon Skin Care,562-402-7546
Queen Mary Spa & Salon,562-499-1754
Cape Cod Coiffures,562-209-3783
Stella Marie Skin Care,562-755-5263
Beyond Skin Care,310-735-5762
"Marilou G. Cruz MD, Inc.",562-861-1245
Signature Brows & Skincare,562-412-5078
Signature Brows & Skincare Studio,562-412-5078
CAREER ACADEMY OF BEAUTY,714-897-3010
ProHealth Wellness Center,714-548-4300
Sunset Skin Boutique,661-301-4835
DermFx - Sunset Beach,562-592-5100
Hairline,310-831-3221
Soft Glow Med Spa,424-305-4169
Vitalia Medspa,310-370-0008
Medical Dock,424-477-5579
"Her, Inc.",310-325-9400
Signature Med Spa by Su Sachar MD,310-602-1332
"Linda Swanson, MD",310-517-0931
"James V. O'Connell, M.D.",310-639-4577
The Spa at South Bay Plastic Surgeons,310-784-0670
Coast Dermatology,310-890-3825
Image Center,714-293-8030
Make Me Up Sam,516-350-2509
Tikkun Holistic Skincare,310-375-7546
La Belle Med Spa,310-619-4670
Naturopathy Spa & Wellness,424-376-7404
Beach Skin MD,323-899-1741
Skin Perfect Medical Aesthetics,562-464-5777
Varicose Vein Laser Center & Spa,323-722-0312
"Zelda Billingy, M.D./California Mesotherapy & Laser Institute",323-726-0608
DermFx - Redondo Beach,310-316-2100
Eleven 19,657-217-5755
Marcus Medical Spa,310-316-1400
Aesthetica,310-316-6700
Hannah's Skin Studio,714-468-3400
"Allure Anti-Aging & Rejuvenation Center at Pacifica, Inc",(714) 804-5460
Dermanoor,(714) 728-8000
Allure Anti-Aging & Rejuvenation Center at Pacifica,714-804-5460
Allison Mockett,310-944-2826
Comprehensive Dermatology of Long Beach,562-256-9929
At The Powder Room,562-726-0548
Stella Marie Skin Care,562-755-5263
Beyond Skin Care,310-735-5762
Opulence Wellness Spa,562-787-9982
Salon Allure,562-429-9209
Vitalia Medspa,310-370-0008
Soft Glow Med Spa,424-305-4169
Signature Brows & Skincare,562-412-5078
Signature Brows & Skincare Studio,562-412-5078
Mays Wellness & Spa,562-596-1400
Make Me Up Sam,516-350-2509
Belle Vie Wellness,562-865-0802
"Marilou G. Cruz MD, Inc.",562-861-1245
Your Spa,626-331-2348
"Her, Inc.",310-325-9400
Signature Med Spa by Su Sachar MD,310-602-1332
Queen Mary Spa & Salon,562-499-1754
The Spa at South Bay Plastic Surgeons,310-784-0670
O Skin Care,562-897-1445
"Linda Swanson, MD",310-517-0931
"James V. O'Connell, M.D.",310-639-4577
Hairline,310-831-3221
Coast Dermatology,310-890-3825
La Belle Med Spa,310-619-4670
Tikkun Holistic Skincare,310-375-7546
Naturopathy Spa & Wellness,424-376-7404
LaVon Skin Care,562-402-7546
Image RX ,562-961-3668
Polished RX Skin Couture,800-681-7904
DermFx - Redondo Beach,310-316-2100
Allison Mockett,310-944-2826
Kim Tran,310-871-2029
Bay Club - SANCTUARY SPA- El Segundo,310-643-6569
Barbarino Surgical Arts,310-402-2255
SkinMedix,310-374-6600
Manhattan Dermatology,310-546-1188
Aesthetica,310-316-6700
Marcus Medical Spa,310-316-1400
El Segundo Dermatology,310-906-2788
Inner Glimmer,(310) 963-6802
Medical Dock,424-477-5579
OrangeTwist- South Bay,310-647-5694
Dermstore,310-526-0008
LA Skincare Center,
LA Skin Care,310-414-9761
Trilogy Spa,310-760-0044
Cape Cod Coiffures,562-209-3783
Sand Spa,(310) 921-8231
Varicose Vein Laser Center & Spa,323-722-0312
Rejive Med Spa Rockwell,844-735-4831
Rockwall Dermatology,469-377-1700
The Retreat Restorative & Aesthetics,713-302-3069
Juvanew Medspa,214-771-4611
Rockwall Aesthetic Center,972-722-9911
Skin Envy - Rockwall,972-722-3689
Glo Sun Spa Rockwall,
Facelogic Spa,972-424-3323
McGuiness Dermatology,972-316-4555
Revive Med Spa,972-422-4040
Premier Med Spa,214-730-6300
"Glow With Me, LLC",870-530-2774
McGuiness Dermatology - Richardson,972-316-4555
My Spa & Laser Center,972-971-5273
Ultimate Image MedSpa,785-221-5380
Lai Aesthetics,(504) 453-9288
Elevate Med Spa,214-696-9193
"Preventive Wellness-Beyond Health, PA",214-750-7374
Zap-It Med Spa,214-600-0707
Skinsence Medispa & Salon,972-564-4555
My Spa & Laser Center,972-564-1199
The Bloom Medical Spa,972-331-7727
North Dallas Dermatololgy Associates,214-420-7070
Ultimate Image,972-800-2127
Total Med Solutions Dallas,214-987-9200
Anh's Skin Health,214-606-0242
Bella Medspa & Aesthetics,214-605-6958
Elite Medical DFW,972-442-4500
Vitae Med Spa-Dallas,214-983-2000
"Ramsey Choucair, MD",214-390-0011
Austin and Reddick Dermatology,214-226-2285
Epicentre - Park Lane,214-887-1577
RENEW BEAUTY,214-369-1600
McGuiness Dermatology,972-316-4555
Pure Spa & Salon,214-827-4200
Love Glow Sudio LLC,469-223-1349
Life Time Fitness,214-624-5824
Dallas Skin Institute,972-503-5274
Evanesque Med Spa,214-575-5252
Blush Aesthetics and Skincare,214-739-5603
Beaus Clinical Skin Care,214-272-7258
Blue Lotus Skincare LLC,469-338-1417
Fresh Faces,972-816-1857
Shellie Liptak Advanced Skincare and Rejuvenation,214-535-2406
"PDP of Texas, PLLC - Dallas Associated Dermatologist ",214-751-2381
Dallas Center For Dermatology & Aesthetics,214-631-8546
Bella MD,214-378-6500
Bader Facial Plastic Surgery,214-501-2021
Mara's Med Spa, (214) 373-9500
Surface Skin Spa,972-599-2900
S 3  Laser & Aesthetics,956-893-0786
Skin Perfections Medical Spa,956-542-2325
Round Rock Skin Clinic,512-577-7422
Halina European Day Spa,512-246-9700
Westlake Dermatology - North Austin,512-279-3376
Westlake Dermatology - Round Rock,512-583-3376
Halina European Skin Care,512-246-9700
"Viva Day Spas, Inc",512-300-2256
Massage Sway,512-873-0999
Elysian Plastic Surgery,330-472-4143
Cadiz Laser Spa,512-733-2639
OrganicSpa Massage,512-627-7243
Life Time Fitness,512-634-4724
Lillian Bradford,956-975-5960
Blonde Faith Salon,512-771-7393
More Beautiful You,512-334-9917
7 Medspa,512-954-9651
Clean Slate Waxing Lounge,512-792-9955
Hall Plastic Surgery & Rejuvenation Center,512-327-5337
Austin Skin Plus,512-850-8835
"Elisabeth Potter, MD",512-893-5849
Halina European Day Spa,512-452-3500
Halina European Skin Care,512-452-3500
Red Stella,512-433-6762
Beautiful Solutions,512-343-7546
"Beverly Hills Wellness Spa III, LLC",254-462-7191
Calm Skincare Studio,512-771-4950
Ideal Weight & Skin,512-914-3264
"Mueller Surgery Center, LLC",512-478-6398
Woodhouse Cedar Park,512-773-1766
Cedar Park Aesthetics,512-260-3444
Westlake Dermatology - Lamar,512-328-3376
Wellspring Plastic Surgery,512-600-2888
Toccare Medical Spa,512-533-7317
Mint and Thyme,512-436-0817
Zimmet Vein & Dermatology,512-485-7700
Snyder Dermatology,512-533-9900
Viva Day Spa-35th ,512-361-1786
NewU Plastic Surgery,512-478-6398
Wrinkle Free MD Med Spa & Wellness Clinic,512-943-9898
Face to Face Spa,512-215-8535
Neu Skin,512-680-5974
Woodhouse Day Spa- Austin,512-306-1100
The Woodhouse Day Spa,512-306-1100
Aloe Skin & Body ,512-344-9394
Spa Luxe,512-646-2255
Alite Laser,512-771-2553
Facial Focus Cosmetic Surgery,512-717-9475
Laser Lounge Med Spa,512-863-2118
Vietver,512-554-8735
Bella Salon Austin,512-474-5999
JW Mariott Austin,512-474-4777
Beauty Lounge Permanent Makeup & Med Spa,(760) 877-8747
Sugar San Diego,971-645-3993
Brooke Yellen Beauty,760-688-8218
Vista Family Health Center,760-941-7050
Terri's SkinCare,760-855-7421
Equinox Fitness,760.268.9657
Skin Care & Artistry by Melissa,760-716-4110
Omni La Costa Resort & Spa,602-363-9798
Park Hyatt Aviara,760-448-1234
Quattra Via,619-697-1760
About Face Esthetics,760-944-4211
Specialized SkinCare,619-865-9908
Staci Christie Skin Care,760-633-0123
Skin In The Ranch ,(619) 381-0011
Nouvelle Aesthetics,619-991-9922
Bella D'ora Spa + Salon,760-438-7404
Stengler Center for Integrative Medicine,760-274-2377
Skincare by Sheryll,619-818-0123
Doctor Ni,858-527-9888
Be by Julie,760-815-1203
Jennifer Whittaker Skincare at Bombshell Salon & Skincare,760-230-1400
Polished Beauty Bar,858-829-2124
Kay Corden Skincare,619-518-7477
Fairbanks Pharmacy,858-759-6634
PASH Skin Studio,760-777-2994
Savvy Skin Spa,858-755-5754
Fika Skin,(760) 715-4555
Love to Live Spa,858-242-7008
Cary West,858-354-3736
Zen Spa - San Diego,858-521-0088
Revive Salon & Spa- Carmel Valley,619-293-7233
Only She Knows Medi-Spa,619-248-4053
Allureous,858-240-7097
Skin Care by VY,858-397-3843
7 Pearls Spa by Manaar,858-848-7727
All About Me Medical Day Spa,858-679-8699
Euro-Fit Skin & Body Therapy,760-728-5615
Skincare by Shan,949-302-3016
ReNous Skin & Body Spa,858-755-5754
Elena T Beauty,858-437-1845
Skin and Brows by Tina,858-449-8811
Bellus Academy,858-748-1490
Atossa Medical Spa,214-796-9936
Carmel Valley Facial Plastic Surgery,858-259-3223
Browology Studio,858-285-0285
Pala Casino Resort and Spa,877-946-7252
Scripps Ranch Dermatology & M Beauty by Dr. Tess,858-689-4990
Chi Energy,858-888-3330
M Beauty Clinic by Dr. Tess,858-689-4990
Fallbrook Wellness Spa,760-723-8264
At The Powder Room,562-726-0548
Comprehensive Dermatology of Long Beach,562-256-9929
Stella Marie Skin Care,562-755-5263
Beyond Skin Care,310-735-5762
Queen Mary Spa & Salon,562-499-1754
Opulence Wellness Spa,562-787-9982
Mays Wellness & Spa,562-596-1400
Hairline,310-831-3221
Soft Glow Med Spa,424-305-4169
Salon Allure,562-429-9209
Image RX ,562-961-3668
Polished RX Skin Couture,800-681-7904
Vitalia Medspa,310-370-0008
Medical Dock,424-477-5579
"Her, Inc.",310-325-9400
Signature Med Spa by Su Sachar MD,310-602-1332
"Linda Swanson, MD",310-517-0931
"James V. O'Connell, M.D.",310-639-4577
The Spa at South Bay Plastic Surgeons,310-784-0670
Belle Vie Wellness,562-865-0802
Coast Dermatology,310-890-3825
Tikkun Holistic Skincare,310-375-7546
La Belle Med Spa,310-619-4670
Cape Cod Coiffures,562-209-3783
Your Spa,626-331-2348
Naturopathy Spa & Wellness,424-376-7404
Make Me Up Sam,516-350-2509
O Skin Care,562-897-1445
LaVon Skin Care,562-402-7546
Marcus Medical Spa,310-316-1400
Aesthetica,310-316-6700
DermFx - Redondo Beach,310-316-2100
Sunset Skin Boutique,661-301-4835
Signature Brows & Skincare,562-412-5078
Signature Brows & Skincare Studio,562-412-5078
"Marilou G. Cruz MD, Inc.",562-861-1245
DermFx - Sunset Beach,562-592-5100
Allison Mockett,310-944-2826
Kim Tran,310-871-2029
CAREER ACADEMY OF BEAUTY,714-897-3010
Barbarino Surgical Arts,310-402-2255
SkinMedix,310-374-6600
Dermstore,310-526-0008
Manhattan Dermatology,310-546-1188
Inner Glimmer,(310) 963-6802
Bay Club - SANCTUARY SPA- El Segundo,310-643-6569
ProHealth Wellness Center,714-548-4300
OrangeTwist- South Bay,310-647-5694
Trilogy Spa,310-760-0044
El Segundo Dermatology,310-906-2788
Heritage Family Medicine and Aesthetics,817-354-7999
REFINEU Med Spa,817-202-5626
JEM Aesthetics,682-224-3351
Physician's Ageless Solutions,682-208-1955
Eye LaLa,817-919-3849
Beautopia,817-888-4815
Hospital Growth LLC DBA Center for Aesthetic Surgery,817-503-2442
Trinity Aesthetics and Laser,817-310-6624
Calista Skin and Laser,817-488-3838
Northeast Tarrant Dermatology,817-281-7546
Eclipse Medical Spa,817-581-4354
Elysium Salon & Spa,973-694-1555
Executive Health and Wellness of Texas,817-581-7246
Salons on the Hill,817-995-9270
Bex Laser Aesthetix,682-227-6110
Skin MD,817-595-4500
"Trinity Aesthetics & Laser, LLP",817-310-6624
Four Season Dallas,
Four Seasons Resort and Club- Dallas,972-717-0700
The Paragon Plastic Surgery & Med Spa,817-473-2120
KE Eye Centers of TX,817-717-6364
Serendipity Day Spa,678-557-4964
Corinthian Wellness Spa,817-416-9366
Hidden Door Med Spa Southlake,817-488-8848
Hidden Door Med Spa Skinceuticals Aesthetic Center,817-988-3335
Spa on the Square,817-488-8848
Southlake Plastic Surgery,(817) 442-8900
North Texas Plastic Surgery,817-416-8080
Skin RX by Roxanne,682-738-0466
Sedo Laser,214-686-7826
Carrie Morris MD,972-922-3016
Greer Dermatology,(817) 550-7125
PDP of Texas PLLC - Southlake Dermatology,214-751-2381
Lifestream Spa & Boutique,972-304-6400
Compassion Dermatology PLCC,817-380-5911
Resurgence Wellness,817-402-0013
Anthony Tran MD,862-557-6179
ME-HD,817-741-6111
Metroplex Dermatology,817-704-4777
Dee Dee Ruelas,817-614-0812
The Med Spa of Flower Mound,972-523-1399
Kleiman Evangelista Eye Center,817-784-0222
Derma Clinic,817-337-5888
Nouveau Med Spa,253-358-3667
Prism Dermatology,940-393-9582
Daireds Salon & Spa Pangea,(817) 465-9797
Flower Mound Plastic Surgery & Aesthetic Spa,972-691-7900
Lemmon Avenue Age Management LLC,214-220-2712
Melt Spa and Massage,623-414-0447
Skinique,817-484-0300
The Beautique Med Spa and Health,409-344-9474
The Med Spa - Beaumont,409-838-7899
The Beautique Med Spa and Health,409-344-9474
The Med Spa - Beaumont,409-838-7899
Bella Med Spa & Aesthetics,214-673-7755
Kadl Skin,214-901-6601
Paragon Intuitive Technologies LLC,817-473-2120
"The Ritz-Carlton, Dallas",214-922-4821
spa810 - Uptown (Dallas),469-730-3333
Mara's Med Spa,469-730-3333
Hotel Crescent Court,214-871-3232
V-Spa at Hilton Anatole,214-761-7800
United Dermatology Associates,817-539-0959
It's a Secret Med Spa,469-789-0004
Advanced Skin Fitness,214-521-5277
Melinda's Face and Body,214-704-1675
"iFusion MedSpa, LLC",214-335-1039
Kleiman Evangelista Eye Center,817-784-0222
Prism Dermatology,940-393-9582
OVME,(617) 699-5150
Anh's Skin Care & Esthetics,214-606-0242
Metroplex Dermatology,817-704-4777
Mansfield Cosmetic Surgery Center,817-477-9000
Flora Kim Dermatology,214-521-1900
ZO Skin Centre - Dallas,214-253-8694
Expert Aesthetics,817-705-0324
McGuiness Dermatology,972-316-4555
Anthony Tran MD,862-557-6179
Blush Aesthetics and Skincare,214-739-5603
Evanesque Med Spa,214-575-5252
Life Time Fitness,214-624-5824
Resurgence Wellness,817-402-0013
Dee Dee Ruelas,817-614-0812
JEM Aesthetics,682-224-3351
Physician's Ageless Solutions,682-208-1955
Bex Laser Aesthetix,682-227-6110
Pure Spa & Salon,214-827-4200
Daireds Salon & Spa Pangea,(817) 465-9797
Hiatus Spa + Retreat Dallas,214-352-4111
Luxury on Lovers,214-352-8800
Somatique Medical Spa,214-350-1422
The Face Place,214-350-8898
Lemmon Avenue Age Management LLC,214-220-2712
Eleven Wellness,214-619-5425
Bella MD,214-378-6500
Nouveau Med Spa,253-358-3667
Dallas Center For Dermatology & Aesthetics,214-631-8546
Mara's Med Spa, (214) 373-9500
"Glow With Me, LLC",870-530-2774
Interventional Pain Management,713-777-4040
Lai Aesthetics,(504) 453-9288
Four Season Dallas,
Four Seasons Resort and Club- Dallas,972-717-0700
RENEW BEAUTY,214-369-1600
Refresh Medispa,713-907-6198
Lulu's The Salon,409-744-5323
San Luis Resort and Spa,409-744-1500
